playerID,yearID,stint,teamID,lgID,W,L,G,GS,CG,SHO,SV,IPouts,H,ER,HR,BB,SO,BAOpp,ERA,IBB,WP,HBP,BK,BFP,GF,R,SH,SF,GIDP
porceri01,2016,1,BOS,AL,22,4,33,33,3,0,0,669,193,78,23,32,189,0.23,3.15,0,3,13,0,890,0,85,2,3,16
scherma01,2016,1,WAS,NL,20,7,34,34,1,0,0,685,165,75,31,56,284,0.199,2.96,2,2,6,1,902,0,77,7,3,6
happja01,2016,1,TOR,AL,20,4,32,32,0,0,0,585,168,69,22,60,163,0.231,3.18,0,3,6,2,796,0,72,2,2,21
lestejo01,2016,1,CHN,NL,19,5,32,32,2,0,0,608,154,55,21,52,197,0.211,2.44,0,4,6,0,796,0,57,4,4,15
cuetojo01,2016,1,SFN,NL,18,5,32,32,5,2,0,659,195,68,15,45,198,0.238,2.79,1,3,8,1,881,0,71,7,3,13
klubeco01,2016,1,CLE,AL,18,9,32,32,3,2,0,645,170,75,22,57,227,0.216,3.14,1,5,7,1,860,0,82,6,2,17
arrieja01,2016,1,CHN,NL,18,8,31,31,1,1,0,592,138,68,16,76,190,0.194,3.1,1,16,6,0,795,0,72,2,1,17
priceda01,2016,1,BOS,AL,17,9,35,35,2,0,0,690,227,102,30,50,228,0.258,3.99,1,4,7,0,951,0,106,8,7,19
salech01,2016,1,CHA,AL,17,10,32,32,6,1,0,680,190,84,27,45,233,0.227,3.34,2,2,17,0,907,0,88,5,3,16
verlaju01,2016,1,DET,AL,16,9,34,34,2,0,0,683,171,77,30,57,254,0.207,3.04,1,6,8,0,903,0,81,4,7,8
roarkta01,2016,1,WAS,NL,16,10,34,33,0,0,0,630,173,66,17,73,172,0.228,2.83,4,6,13,1,855,0,72,10,1,28
iwakuhi01,2016,1,SEA,AL,16,12,33,33,0,0,0,597,218,91,28,46,147,0.282,4.12,3,4,5,0,836,0,95,6,7,25
maedake01,2016,1,LAN,NL,16,11,32,32,0,0,0,527,150,68,20,50,179,0.229,3.48,6,6,8,0,716,0,72,0,3,10
martica04,2016,1,SLN,NL,16,9,31,31,0,0,0,586,169,66,15,70,174,0.233,3.04,1,8,11,0,809,0,68,2,2,33
hendrky01,2016,1,CHN,NL,16,8,31,30,2,1,0,570,142,45,15,44,170,0.207,2.13,3,5,8,0,745,0,53,4,3,12
tillmch01,2016,1,BAL,AL,16,6,30,30,0,0,0,516,155,72,19,66,140,0.244,3.77,1,9,7,0,715,0,73,2,4,20
fernajo02,2016,1,MIA,NL,16,8,29,29,0,0,0,547,149,58,13,55,253,0.224,2.86,6,9,6,1,737,0,63,7,5,14
bumgama01,2016,1,SFN,NL,15,9,34,34,4,1,0,680,179,69,26,54,251,0.213,2.74,0,4,8,1,912,0,79,3,6,15
colonba01,2016,1,NYN,NL,15,8,34,33,0,0,0,575,200,73,24,32,128,0.268,3.43,2,0,3,0,791,0,81,7,4,19
hamelco01,2016,1,TEX,AL,15,5,32,32,0,0,0,602,185,74,24,77,200,0.243,3.32,1,4,8,1,848,0,83,1,2,19
sanchaa01,2016,1,TOR,AL,15,2,30,30,0,0,0,576,161,64,15,63,161,0.224,3,0,5,5,0,790,0,69,1,2,14
hammeja01,2016,1,CHN,NL,15,10,30,30,0,0,0,500,148,71,25,53,144,0.239,3.83,0,9,9,0,692,0,77,7,3,14
strasst01,2016,1,WAS,NL,15,4,24,24,0,0,0,443,119,59,15,44,183,0.218,3.6,1,2,2,0,598,0,59,5,1,7
straida01,2016,1,CIN,NL,14,8,34,31,0,0,0,574,154,80,31,73,162,0.22,3.76,4,3,11,1,792,0,80,6,3,10
bettich01,2016,1,COL,NL,14,8,32,32,1,1,0,558,204,99,22,59,138,0.278,4.79,5,4,7,0,814,0,107,10,3,11
tanakma01,2016,1,NYA,AL,14,4,31,31,0,0,0,599,179,68,22,36,165,0.236,3.07,0,7,3,0,805,0,75,4,3,10
syndeno01,2016,1,NYN,NL,14,9,31,30,0,0,0,551,168,53,11,43,218,0.243,2.6,2,10,2,1,744,0,61,3,4,14
wainwad01,2016,1,SLN,NL,13,9,33,33,1,1,0,596,220,102,22,59,161,0.287,4.62,4,1,5,0,847,0,108,8,9,27
mchugco01,2016,1,HOU,AL,13,10,33,33,1,0,0,554,206,89,25,54,177,0.282,4.34,1,9,5,0,796,0,92,1,5,15
quintjo01,2016,1,CHA,AL,13,12,32,32,0,0,0,624,192,74,22,50,181,0.246,3.2,1,10,4,1,837,0,76,2,2,18
tomlijo01,2016,1,CLE,AL,13,9,30,29,0,0,0,522,187,85,36,20,118,0.269,4.4,2,4,3,0,725,1,97,4,4,6
greinza01,2016,1,ARI,NL,13,7,26,26,1,1,0,476,161,77,23,41,134,0.262,4.37,3,1,0,0,667,0,80,7,4,9
wrighst01,2016,1,BOS,AL,13,6,24,24,4,1,0,470,138,58,12,57,127,0.235,3.33,1,10,8,0,656,0,74,2,2,16
duffyda01,2016,1,KCA,AL,12,3,42,26,1,0,0,539,163,70,27,42,188,0.241,3.51,0,4,7,0,731,5,71,4,2,13
bauertr01,2016,1,CLE,AL,12,8,35,28,1,0,0,570,179,90,20,70,168,0.248,4.26,1,3,9,0,811,3,96,4,7,12
samarje01,2016,1,SFN,NL,12,11,32,32,1,0,0,610,190,86,24,54,167,0.249,3.81,4,2,1,0,829,0,88,6,4,19
hellije01,2016,1,PHI,NL,12,10,32,32,1,1,0,567,173,78,24,45,154,0.243,3.71,0,6,6,1,772,0,86,4,6,21
fistedo01,2016,1,HOU,AL,12,13,32,32,0,0,0,541,195,93,24,62,115,0.276,4.64,1,10,7,0,779,0,98,0,3,20
weaveje02,2016,1,LAA,AL,12,12,31,31,1,1,0,534,209,100,37,51,103,0.297,5.06,2,1,4,2,767,0,106,1,6,19
chatwty01,2016,1,COL,NL,12,9,27,27,0,0,0,474,147,68,15,70,117,0.25,3.87,2,7,5,0,669,0,75,2,3,22
kershcl01,2016,1,LAN,NL,12,4,21,21,3,3,0,447,97,28,8,11,172,0.184,1.69,1,5,2,3,544,0,31,4,1,9
eickhje01,2016,1,PHI,NL,11,14,33,33,0,0,0,592,187,80,30,42,167,0.251,3.65,2,6,8,2,811,0,88,6,10,14
kenneia01,2016,1,KCA,AL,11,11,33,33,0,0,0,587,173,80,33,66,184,0.236,3.68,1,4,13,0,818,0,81,1,5,9
ventuyo01,2016,1,KCA,AL,11,12,32,32,2,0,0,558,190,92,23,78,144,0.263,4.45,1,13,8,1,816,0,96,3,4,21
gonzagi01,2016,1,WAS,NL,11,11,32,32,0,0,0,532,179,90,19,59,171,0.262,4.57,2,7,9,0,765,0,98,8,5,17
fiersmi01,2016,1,HOU,AL,11,8,31,30,0,0,0,506,187,84,26,42,134,0.28,4.48,0,17,7,0,724,0,89,3,5,6
lackejo01,2016,1,CHN,NL,11,8,29,29,0,0,0,565,146,70,23,53,180,0.218,3.35,1,4,9,0,748,0,74,8,8,13
davieza01,2016,1,MIL,NL,11,7,28,28,0,0,0,490,166,72,20,38,135,0.263,3.97,0,3,6,0,682,0,79,3,4,11
fulmemi01,2016,1,DET,AL,11,7,26,26,1,1,0,477,136,54,16,42,132,0.231,3.06,1,1,9,1,647,0,57,4,2,17
hernafe02,2016,1,SEA,AL,11,8,25,25,0,0,0,460,138,65,19,65,122,0.239,3.82,0,6,10,0,655,0,76,3,0,17
carraca01,2016,1,CLE,AL,11,8,25,25,1,1,0,439,134,54,21,34,150,0.24,3.32,2,4,3,1,599,0,64,1,3,9
salazda01,2016,1,CLE,AL,11,6,25,25,0,0,0,412,121,59,16,63,161,0.235,3.87,3,9,2,3,584,0,61,0,4,9
brachbr01,2016,1,BAL,AL,10,4,71,0,0,0,2,237,57,18,7,25,92,0.201,2.05,1,4,0,1,311,16,23,0,3,7
nicasju01,2016,1,PIT,NL,10,7,52,12,0,0,0,354,117,59,15,45,138,0.261,4.5,3,3,7,0,513,9,64,5,7,8
bundydy01,2016,1,BAL,AL,10,6,36,14,0,0,0,329,109,49,18,42,104,0.257,4.02,4,0,6,0,474,6,52,1,1,6
volqued01,2016,1,KCA,AL,10,11,34,34,0,0,0,568,217,113,23,76,139,0.286,5.37,1,5,7,1,853,0,124,6,6,16
perezma02,2016,1,TEX,AL,10,11,33,33,0,0,0,596,205,97,18,76,103,0.27,4.39,0,3,4,2,855,0,110,9,8,36
odorija01,2016,1,TBA,AL,10,6,33,33,0,0,0,563,170,77,29,54,166,0.241,3.69,3,3,4,1,773,0,80,3,6,14
garcija02,2016,1,SLN,NL,10,13,32,30,1,1,0,515,179,89,26,57,150,0.268,4.67,3,8,7,0,741,0,94,7,2,21
graveke01,2016,1,OAK,AL,10,11,31,31,2,1,0,558,196,85,22,47,108,0.271,4.11,2,2,7,0,786,0,87,2,6,19
finnebr01,2016,1,CIN,NL,10,11,31,31,1,0,0,516,150,76,29,84,145,0.236,3.98,2,6,4,2,734,0,86,5,5,17
dickera01,2016,1,TOR,AL,10,15,30,29,0,0,0,509,169,84,28,63,126,0.258,4.46,0,5,6,1,728,1,97,1,3,21
grayjo02,2016,1,COL,NL,10,10,29,29,1,1,0,504,153,86,18,59,185,0.243,4.61,2,7,12,0,712,0,92,5,5,10
kazmisc01,2016,1,LAN,NL,10,6,26,26,0,0,0,409,133,69,21,52,134,0.253,4.56,3,5,7,0,590,0,71,2,3,6
santihe01,2016,1,LAA,AL,10,4,22,22,0,0,0,362,104,57,20,57,107,0.233,4.25,0,2,4,1,515,0,61,3,4,9
perdolu02,2016,1,SDN,NL,9,10,35,20,1,0,0,440,187,93,23,46,105,0.31,5.71,7,10,7,0,662,8,99,0,4,20
archech01,2016,1,TBA,AL,9,19,33,33,0,0,0,604,183,90,30,67,233,0.238,4.02,0,11,3,0,850,0,100,6,4,12
koehlto01,2016,1,MIA,NL,9,13,33,33,0,0,0,530,176,85,22,83,147,0.261,4.33,7,9,5,0,774,0,93,6,5,10
stromma01,2016,1,TOR,AL,9,10,32,32,0,0,0,612,209,99,21,54,166,0.264,4.37,0,9,4,1,855,0,104,2,2,22
anderch01,2016,1,MIL,NL,9,11,31,30,0,0,0,455,155,74,28,53,120,0.266,4.39,0,4,4,0,647,1,83,4,3,12
gausmke01,2016,1,BAL,AL,9,12,30,30,0,0,0,539,183,72,28,47,174,0.262,3.61,1,8,5,0,757,0,76,4,3,19
sabatcc01,2016,1,NYA,AL,9,12,30,30,0,0,0,539,172,78,22,65,152,0.25,3.91,1,2,9,1,768,0,83,5,2,21
leakemi01,2016,1,SLN,NL,9,12,30,30,0,0,0,530,203,92,20,30,125,0.288,4.69,1,7,7,0,757,0,101,5,10,13
lockeje01,2016,1,PIT,NL,9,8,30,19,1,1,0,382,151,77,17,44,73,0.298,5.44,4,7,3,0,564,4,81,8,2,16
estrama01,2016,1,TOR,AL,9,9,29,29,0,0,0,528,132,68,23,65,165,0.203,3.48,1,5,4,0,723,0,73,0,3,6
rodonca01,2016,1,CHA,AL,9,10,28,28,0,0,0,495,176,74,23,54,168,0.273,4.04,3,11,6,1,715,0,82,4,6,14
shoemma01,2016,1,LAA,AL,9,13,27,27,1,1,0,480,166,69,18,30,143,0.266,3.88,1,2,7,0,668,0,71,2,5,10
keuchda01,2016,1,HOU,AL,9,12,26,26,1,1,0,504,168,85,20,48,144,0.259,4.55,1,9,2,0,701,0,88,2,1,16
duffety01,2016,1,MIN,AL,9,12,26,26,0,0,0,399,167,95,25,32,114,0.301,6.43,3,9,6,1,596,0,103,2,2,14
eovalna01,2016,1,NYA,AL,9,8,24,21,0,0,0,374,123,66,23,40,97,0.255,4.76,2,5,1,0,525,2,66,1,1,8
matzst01,2016,1,NYN,NL,9,8,22,22,0,0,0,397,129,50,14,31,129,0.257,3.4,2,3,5,1,547,0,53,8,1,8
foltymi01,2016,1,ATL,NL,9,5,22,22,0,0,0,370,125,59,18,35,111,0.263,4.31,2,13,6,1,525,0,61,5,4,7
desclan01,2016,1,CIN,NL,9,5,20,20,1,1,0,370,120,45,16,30,105,0.259,3.28,2,6,4,1,507,0,51,7,3,12
guerrju02,2016,1,MIL,NL,9,3,20,20,0,0,0,365,94,38,10,43,100,0.213,2.81,2,7,3,1,492,0,40,3,2,10
zimmejo02,2016,1,DET,AL,9,7,19,18,0,0,0,316,118,57,14,26,66,0.284,4.87,0,3,2,0,450,1,63,1,5,8
hillri01,2016,1,OAK,AL,9,3,14,14,0,0,0,228,55,19,2,28,90,0.201,2.25,0,0,8,0,311,0,22,0,1,8
thornty01,2016,1,MIL,NL,8,5,67,0,0,0,13,201,38,16,6,25,90,0.162,2.15,1,4,2,0,263,23,19,0,1,1
givenmy01,2016,1,BAL,AL,8,2,66,0,0,0,0,224,59,26,6,36,96,0.22,3.13,2,3,6,0,313,8,28,2,1,6
felizmi01,2016,1,HOU,AL,8,1,47,0,0,0,0,195,55,32,10,22,95,0.224,4.43,0,6,0,0,270,17,33,0,2,1
buchhcl01,2016,1,BOS,AL,8,10,37,21,0,0,0,418,130,74,21,55,93,0.25,4.78,1,1,5,0,588,7,80,2,6,17
geedi01,2016,1,KCA,AL,8,9,33,14,0,0,0,375,146,65,24,37,89,0.291,4.68,3,1,6,1,551,3,67,3,3,10
nelsoji02,2016,1,MIL,NL,8,16,32,32,0,0,0,538,186,92,25,86,140,0.268,4.62,2,8,17,0,807,0,108,7,4,18
rayro02,2016,1,ARI,NL,8,15,32,32,0,0,0,523,185,95,24,71,218,0.267,4.9,4,8,6,0,776,0,105,3,2,13
jimenub01,2016,1,BAL,AL,8,12,29,25,1,0,1,427,150,86,16,72,125,0.268,5.44,1,5,3,1,638,2,93,1,1,12
andrima01,2016,1,TBA,AL,8,8,29,19,1,1,1,383,131,62,17,25,109,0.265,4.37,1,3,1,4,527,3,64,0,6,13
delarjo01,2016,1,COL,NL,8,9,27,24,0,0,0,402,157,82,23,63,108,0.293,5.51,3,7,8,1,614,0,93,4,3,15
bradlar01,2016,1,ARI,NL,8,9,26,26,0,0,0,425,154,79,16,67,143,0.276,5.02,8,7,4,2,638,0,84,2,7,7
walketa01,2016,1,SEA,AL,8,11,25,25,1,1,0,403,129,63,27,37,119,0.247,4.22,2,4,8,1,573,0,75,3,3,8
conlead01,2016,1,MIA,NL,8,6,25,25,0,0,0,400,125,57,13,62,124,0.25,3.85,7,9,11,0,584,0,59,7,3,14
velasvi01,2016,1,PHI,NL,8,6,24,24,1,1,0,393,129,60,21,45,152,0.263,4.12,1,3,1,0,551,0,64,9,5,12
niesejo01,2016,1,PIT,NL,8,6,23,18,0,0,0,330,132,60,21,38,76,0.297,4.91,2,9,3,0,491,2,63,5,1,13
pomerdr01,2016,1,SDN,NL,8,7,17,17,0,0,0,306,67,28,8,41,115,0.184,2.47,2,7,1,0,411,0,30,2,3,4
blantjo01,2016,1,LAN,NL,7,2,75,0,0,0,0,240,55,22,7,26,80,0.194,2.48,4,3,2,0,315,15,23,0,3,5
ramirer02,2016,1,TBA,AL,7,11,64,1,0,0,2,272,90,38,14,26,63,0.265,3.77,5,7,4,0,378,13,39,7,2,12
phelpda01,2016,1,MIA,NL,7,6,64,5,0,0,4,260,61,22,6,38,114,0.197,2.28,6,0,2,1,352,6,23,1,2,7
quackke01,2016,1,SDN,NL,7,7,60,0,0,0,2,179,55,26,8,22,42,0.242,3.92,2,2,0,0,253,17,27,2,2,2
bushma01,2016,1,TEX,AL,7,2,58,0,0,0,1,185,44,17,4,14,61,0.196,2.48,0,2,1,0,243,15,18,1,3,3
barneto01,2016,1,TEX,AL,7,3,53,0,0,0,0,181,54,14,4,16,49,0.242,2.09,1,6,4,0,246,9,16,1,2,10
sanchan01,2016,1,DET,AL,7,13,35,26,0,0,0,460,171,100,30,53,135,0.285,5.87,1,7,5,2,668,3,108,4,6,13
teherju01,2016,1,ATL,NL,7,10,30,30,1,1,0,564,157,67,22,41,167,0.223,3.21,2,7,9,1,758,0,70,4,1,11
santaer01,2016,1,MIN,AL,7,11,30,30,2,1,0,544,168,68,19,53,149,0.245,3.38,2,11,4,3,748,0,78,1,5,20
smylydr01,2016,1,TBA,AL,7,12,30,30,0,0,0,526,174,95,32,49,167,0.259,4.88,2,10,2,0,738,0,103,5,11,10
wislema01,2016,1,ATL,NL,7,13,27,26,0,0,1,470,159,87,26,49,115,0.259,5,3,5,4,1,671,1,90,2,3,12
wachami01,2016,1,SLN,NL,7,7,27,24,0,0,0,414,159,78,15,45,114,0.289,5.09,6,6,1,0,606,1,86,4,5,11
manaese01,2016,1,OAK,AL,7,9,25,24,0,0,0,434,135,62,20,37,124,0.248,3.86,1,3,4,0,594,0,65,4,4,13
degroja01,2016,1,NYN,NL,7,8,24,24,1,1,0,444,142,50,15,36,143,0.255,3.04,0,4,3,0,604,0,53,5,3,15
peralwi01,2016,1,MIL,NL,7,11,23,23,0,0,0,383,152,69,19,43,93,0.305,4.86,1,0,3,0,554,0,73,6,4,12
griffaj01,2016,1,TEX,AL,7,4,23,23,0,0,0,357,116,67,28,46,107,0.256,5.07,1,0,7,1,509,0,68,0,3,10
hollade01,2016,1,TEX,AL,7,9,22,20,0,0,0,322,116,59,15,35,67,0.276,4.95,2,2,2,0,461,0,62,1,2,8
moorema02,2016,1,TBA,AL,7,7,21,21,0,0,0,390,125,59,20,40,109,0.251,4.08,0,3,5,1,549,0,62,3,2,7
colege01,2016,1,PIT,NL,7,10,21,21,1,0,0,348,131,50,7,36,98,0.289,3.88,3,5,6,1,506,0,57,4,6,9
novaiv01,2016,1,NYA,AL,7,6,21,15,0,0,1,292,107,53,19,25,75,0.276,4.9,1,7,6,0,421,3,54,1,2,8
mileywa01,2016,1,SEA,AL,7,8,19,19,1,1,0,336,117,62,18,34,82,0.274,4.98,1,5,3,2,469,0,62,2,3,16
rossjo01,2016,1,WAS,NL,7,5,19,19,0,0,0,315,108,40,9,29,93,0.269,3.43,3,2,6,0,447,0,43,7,3,10
darviyu01,2016,1,TEX,AL,7,5,17,17,0,0,0,301,81,38,12,31,132,0.214,3.41,1,6,3,0,416,0,43,0,4,3
ohse01,2016,1,SLN,NL,6,3,76,0,0,0,19,239,55,17,5,18,103,0.19,1.92,3,3,2,0,313,35,20,2,1,5
barraky01,2016,1,MIA,NL,6,3,75,0,0,0,0,218,45,23,1,44,113,0.176,2.85,1,8,2,0,306,6,24,2,2,2
pressry01,2016,1,MIN,AL,6,7,72,0,0,0,1,226,79,31,8,23,67,0.266,3.7,2,7,2,0,328,10,34,4,2,3
woodbl01,2016,1,CIN,NL,6,5,70,0,0,0,1,230,72,34,9,38,81,0.251,3.99,3,8,2,0,330,21,38,1,2,8
robleha01,2016,1,NYN,NL,6,4,68,0,0,0,1,233,69,30,7,36,85,0.24,3.48,4,3,1,0,331,15,32,1,5,6
axforjo01,2016,1,OAK,AL,6,4,68,0,0,0,3,197,65,29,6,30,60,0.258,3.97,1,4,3,0,289,13,30,2,2,7
siegrke01,2016,1,SLN,NL,6,3,67,0,0,0,3,185,42,19,10,26,66,0.193,2.77,2,5,1,0,248,11,20,0,3,4
madsory01,2016,1,OAK,AL,6,7,63,0,0,0,30,194,63,26,7,20,49,0.257,3.62,3,4,2,1,270,53,27,2,1,8
dunnmi01,2016,1,MIA,NL,6,1,51,0,0,0,0,127,43,16,5,11,38,0.27,3.4,0,2,3,0,176,5,16,1,2,3
grillja01,2016,2,TOR,AL,6,4,46,0,0,0,2,126,28,17,8,19,58,0.189,3.64,0,1,1,0,170,6,17,0,2,4
millean01,2016,1,NYA,AL,6,1,44,0,0,0,9,136,28,7,5,7,77,0.174,1.39,0,0,2,0,172,16,8,1,1,3
wangch01,2016,1,KCA,AL,6,0,38,0,0,0,0,160,60,25,6,18,30,0.286,4.22,0,1,2,0,231,24,27,1,0,5
pinedmi01,2016,1,NYA,AL,6,12,32,32,0,0,0,527,184,94,27,53,207,0.266,4.82,1,7,6,0,756,0,98,0,3,10
gibsoky01,2016,1,MIN,AL,6,11,25,25,1,0,0,442,175,83,20,55,104,0.298,5.07,3,9,4,0,653,0,89,3,4,21
gallayo01,2016,1,BAL,AL,6,8,23,23,0,0,0,354,126,71,16,61,85,0.276,5.42,2,6,1,0,526,0,74,1,6,13
karnsna01,2016,1,SEA,AL,6,2,22,15,0,0,1,283,95,54,11,45,101,0.259,5.15,1,5,3,1,417,2,55,0,2,5
liriafr01,2016,1,PIT,NL,6,11,21,21,0,0,0,341,115,69,19,69,116,0.264,5.46,1,8,7,0,523,0,76,7,5,13
paxtoja01,2016,1,SEA,AL,6,7,20,20,0,0,0,363,134,51,9,24,117,0.279,3.79,3,5,1,0,511,0,62,0,6,17
nolaaa01,2016,1,PHI,NL,6,9,20,20,0,0,0,333,116,59,10,29,121,0.264,4.78,3,2,6,0,483,0,68,5,4,5
boydma01,2016,1,DET,AL,6,5,20,18,0,0,0,292,97,49,17,29,82,0.258,4.53,0,1,4,0,412,1,51,0,3,8
lewisco01,2016,1,TEX,AL,6,5,19,19,1,0,0,349,103,48,19,28,73,0.236,3.71,0,1,3,0,472,0,53,1,3,9
garzama01,2016,1,MIL,NL,6,8,19,19,0,0,0,305,117,51,11,36,70,0.283,4.51,2,3,3,0,461,0,67,4,4,8
snellbl01,2016,1,TBA,AL,6,8,19,19,0,0,0,267,93,35,5,51,98,0.269,3.54,0,6,0,1,401,0,44,2,2,7
mcculla02,2016,1,HOU,AL,6,5,14,14,0,0,0,243,80,29,5,45,106,0.261,3.22,1,9,0,2,352,0,29,0,0,10
moorema02,2016,2,SFN,NL,6,5,12,12,0,0,0,205,59,31,5,32,69,0.233,4.08,1,3,1,0,289,0,31,1,2,4
latosma01,2016,1,CHA,AL,6,2,11,11,0,0,0,181,63,31,10,25,32,0.27,4.62,1,1,1,0,265,0,33,2,4,5
delgara01,2016,1,ARI,NL,5,2,79,0,0,0,0,225,77,37,8,36,68,0.265,4.44,3,7,2,0,337,14,39,3,5,4
jonesna01,2016,1,CHA,AL,5,3,71,0,0,0,3,212,48,18,7,15,80,0.19,2.29,3,7,3,0,274,11,20,2,2,5
dullry01,2016,1,OAK,AL,5,5,70,0,0,0,3,223,50,20,10,15,73,0.186,2.42,4,6,1,0,290,9,23,0,5,2
soriajo01,2016,1,KCA,AL,5,8,70,0,0,0,1,200,70,30,10,27,68,0.271,4.05,0,2,2,3,293,18,31,4,2,2
ohlenro01,2016,1,CIN,NL,5,7,64,0,0,0,2,197,59,34,14,32,68,0.237,4.66,1,4,6,0,290,34,35,3,0,4
oteroda01,2016,1,CLE,AL,5,1,62,0,0,0,1,212,54,12,2,10,57,0.211,1.53,1,2,0,0,269,20,14,3,0,11
roberda08,2016,1,CHA,AL,5,3,62,0,0,0,37,187,53,24,6,32,75,0.231,3.47,4,1,1,0,267,48,24,3,2,3
greensh02,2016,1,DET,AL,5,4,50,3,0,0,2,181,58,39,3,22,59,0.257,5.82,1,0,4,0,256,4,39,2,2,5
cabrema01,2016,1,ATL,NL,5,1,41,0,0,0,6,115,31,12,0,19,32,0.225,2.82,1,2,1,0,162,10,14,2,2,5
hatchch02,2016,1,LAN,NL,5,4,37,0,0,0,0,122,40,25,8,21,43,0.253,5.53,4,4,1,0,181,10,26,1,0,3
rondobr01,2016,1,DET,AL,5,2,37,0,0,0,0,109,23,12,5,12,45,0.181,2.97,1,1,3,1,144,7,12,2,0,2
corbipa01,2016,1,ARI,NL,5,13,36,24,0,0,1,467,177,89,24,66,131,0.286,5.15,2,9,5,0,701,6,109,6,5,15
kelake01,2016,1,TEX,AL,5,1,35,0,0,0,0,102,30,23,6,17,45,0.236,6.09,0,2,3,1,150,2,23,2,1,4
peavyja01,2016,1,SFN,NL,5,9,31,21,0,0,0,356,134,73,18,36,102,0.282,5.54,1,4,2,1,520,3,76,4,2,8
chacijh01,2016,2,LAA,AL,5,6,29,17,1,0,0,352,124,61,10,47,92,0.272,4.68,4,8,5,1,515,5,64,2,5,10
godleza01,2016,1,ARI,NL,5,4,27,9,0,0,0,224,86,53,13,25,60,0.289,6.39,4,5,4,0,335,1,54,7,1,4
feldmsc01,2016,1,HOU,AL,5,3,26,5,0,0,0,186,64,20,8,13,42,0.264,2.9,3,0,3,0,265,9,27,4,3,4
gonzami03,2016,1,CHA,AL,5,8,24,23,0,0,0,405,132,56,11,35,95,0.254,3.73,1,3,6,0,566,0,61,1,5,10
friedch01,2016,1,SDN,NL,5,12,24,23,0,0,0,388,131,69,13,52,100,0.259,4.8,2,7,2,0,567,0,74,3,5,7
chenwe02,2016,1,MIA,NL,5,5,22,22,0,0,0,370,134,68,22,24,100,0.276,4.96,0,1,3,0,520,0,69,3,4,10
grayso01,2016,1,OAK,AL,5,11,22,22,0,0,0,351,133,74,18,42,94,0.286,5.69,0,15,2,0,517,0,80,0,7,9
stripro01,2016,1,LAN,NL,5,9,22,14,0,0,0,300,96,44,10,30,74,0.25,3.96,3,6,1,0,419,4,46,3,1,7
anderty01,2016,1,COL,NL,5,6,19,19,0,0,0,343,119,45,12,28,99,0.272,3.54,2,4,3,3,478,0,50,6,3,13
reaco01,2016,1,SDN,NL,5,5,19,18,0,0,0,298,101,55,12,44,76,0.262,4.98,4,0,8,1,443,0,63,3,2,10
taillja01,2016,1,PIT,NL,5,4,18,18,0,0,0,312,99,39,13,17,85,0.252,3.38,1,1,3,2,418,0,40,4,1,12
uriasju01,2016,1,LAN,NL,5,2,18,15,0,0,0,231,81,29,5,31,84,0.274,3.39,0,3,4,0,336,1,32,4,1,6
lugose01,2016,1,NYN,NL,5,2,17,8,0,0,0,192,49,19,7,21,45,0.22,2.67,3,1,4,1,260,2,19,8,4,6
kuhlch01,2016,1,PIT,NL,5,4,14,14,0,0,0,212,73,33,7,20,53,0.267,4.2,0,2,4,0,301,0,34,2,2,5
jacksed01,2016,2,SDN,NL,5,6,13,13,0,0,0,220,79,48,12,35,54,0.278,5.89,2,5,1,0,326,0,49,2,4,9
novaiv01,2016,2,PIT,NL,5,2,11,11,3,0,0,194,68,22,4,3,52,0.273,3.06,0,3,3,0,263,0,27,4,4,8
miranar01,2016,2,SEA,AL,5,2,11,10,0,0,0,168,43,22,12,18,40,0.214,3.54,0,2,0,0,221,1,25,0,2,5
lopezre01,2016,1,WAS,NL,5,3,11,6,0,0,0,132,47,24,4,22,42,0.272,4.91,2,5,0,0,201,1,27,3,2,1
handbr01,2016,1,SDN,NL,4,4,82,0,0,0,1,268,63,29,8,36,111,0.195,2.92,4,7,1,0,364,16,32,2,2,6
reedad01,2016,1,NYN,NL,4,2,80,0,0,0,1,233,60,17,4,13,91,0.21,1.97,4,4,0,0,304,13,18,3,2,2
nerishe01,2016,1,PHI,NL,4,4,79,0,0,0,2,241,59,23,9,30,102,0.202,2.58,3,4,3,1,328,13,26,1,2,4
woodtr01,2016,1,CHN,NL,4,0,77,0,0,0,0,183,45,20,8,24,47,0.199,2.95,2,0,1,0,252,16,24,1,0,3
treinbl01,2016,1,WAS,NL,4,1,73,0,0,0,1,201,51,17,5,31,63,0.224,2.28,6,1,0,0,263,17,19,2,2,17
blevije01,2016,1,NYN,NL,4,2,73,0,0,0,2,126,36,13,4,15,52,0.229,2.79,3,1,1,0,178,8,14,2,3,1
osunaro01,2016,1,TOR,AL,4,3,72,0,0,0,36,222,55,22,9,14,82,0.206,2.68,4,4,3,1,288,61,23,1,3,4
broxtjo01,2016,1,SLN,NL,4,2,66,0,0,0,0,182,52,29,7,24,57,0.229,4.3,5,1,3,0,259,14,32,2,3,1
wilsoju10,2016,1,DET,AL,4,5,66,0,0,0,1,176,61,27,6,17,65,0.263,4.14,2,4,1,0,251,10,29,1,0,7
diekmja01,2016,1,TEX,AL,4,2,66,0,0,0,4,159,36,20,4,26,59,0.189,3.4,1,3,3,0,221,14,22,0,2,5
jennida01,2016,1,CHA,AL,4,3,64,0,0,0,1,182,57,14,1,28,46,0.259,2.08,0,4,3,0,259,15,18,2,6,11
wilsoal01,2016,1,DET,AL,4,0,62,0,0,0,0,219,68,24,5,21,49,0.252,2.96,5,2,1,0,297,6,26,0,5,8
barnema01,2016,1,BOS,AL,4,3,62,0,0,0,1,200,62,30,6,31,71,0.248,4.05,1,4,3,0,287,13,32,2,1,3
cishest01,2016,1,SEA,AL,4,6,62,0,0,0,25,192,44,20,8,21,76,0.19,2.81,2,4,4,0,258,40,21,1,0,2
felizne01,2016,1,PIT,NL,4,2,62,0,0,0,2,161,40,21,10,21,61,0.207,3.52,1,3,1,0,218,6,21,2,1,5
lawde01,2016,1,SFN,NL,4,2,61,0,0,0,1,165,44,13,3,9,50,0.215,2.13,0,1,0,0,214,12,13,0,0,4
biagijo01,2016,1,TOR,AL,4,3,60,0,0,0,1,203,69,23,3,19,62,0.259,3.06,1,3,5,0,295,12,28,2,3,4
vinceni01,2016,1,SEA,AL,4,4,60,0,0,0,3,181,53,25,11,15,65,0.231,3.73,5,0,1,0,247,15,26,1,1,4
gregelu01,2016,1,HOU,AL,4,3,59,0,0,0,15,173,38,21,5,18,67,0.183,3.28,2,6,2,0,230,25,23,0,2,3
ryanky01,2016,1,DET,AL,4,2,56,0,0,0,0,167,48,19,2,15,35,0.234,3.07,5,1,3,0,226,14,21,2,1,7
cahiltr01,2016,1,CHN,NL,4,4,50,1,0,0,0,197,49,20,7,35,66,0.201,2.74,3,3,5,0,284,16,22,0,0,5
devench02,2016,1,HOU,AL,4,4,48,5,0,0,1,325,79,26,4,20,104,0.206,2.16,0,2,3,0,408,16,26,1,1,10
wittgni01,2016,1,MIA,NL,4,3,48,0,0,0,0,155,50,18,6,10,42,0.254,3.14,2,1,1,0,213,9,18,3,2,2
lylesjo01,2016,1,COL,NL,4,5,40,5,0,0,1,176,69,38,4,28,32,0.291,5.83,2,5,4,0,273,7,46,1,2,6
claudal01,2016,1,TEX,AL,4,1,39,0,0,0,0,155,55,16,2,10,34,0.27,2.79,0,0,1,0,217,15,19,0,2,8
hembrhe01,2016,1,BOS,AL,4,1,38,0,0,0,0,153,51,15,6,17,47,0.249,2.65,1,0,0,0,223,8,23,0,1,2
ellinbr02,2016,1,MIA,NL,4,2,32,0,0,0,0,99,27,9,2,16,32,0.223,2.45,2,3,2,1,142,7,10,1,1,3
warread01,2016,2,NYA,AL,4,2,29,0,0,0,0,91,28,11,4,10,25,0.25,3.26,2,3,1,0,125,3,13,1,1,2
urenajo01,2016,1,MIA,NL,4,9,28,12,0,0,1,251,91,57,11,29,58,0.275,6.13,6,0,6,0,373,4,59,3,4,6
boxbebr01,2016,1,TBA,AL,4,3,27,0,0,0,0,73,23,13,3,19,22,0.25,4.81,1,0,2,0,114,3,13,0,1,1
millean01,2016,2,CLE,AL,4,0,26,0,0,0,3,87,14,5,3,2,46,0.139,1.55,0,1,0,0,103,7,5,0,0,0
pelfrmi01,2016,1,DET,AL,4,10,24,22,0,0,0,357,160,67,15,46,56,0.332,5.07,0,3,6,0,541,0,76,2,5,24
wilsoty01,2016,1,BAL,AL,4,6,24,13,0,0,0,282,110,55,15,24,55,0.288,5.27,1,2,4,0,414,5,57,1,3,8
shielja02,2016,2,CHA,AL,4,12,22,22,1,0,0,343,139,86,31,55,78,0.296,6.77,1,7,7,0,538,0,89,1,4,8
nolasri01,2016,1,MIN,AL,4,8,21,21,0,0,0,374,139,71,18,29,93,0.287,5.13,0,4,3,0,527,0,77,2,9,12
cainma01,2016,1,SFN,NL,4,8,21,17,0,0,0,268,103,56,16,32,72,0.299,5.64,1,5,6,0,397,2,58,8,6,8
kellyjo05,2016,1,BOS,AL,4,0,20,6,0,0,0,120,44,23,5,24,48,0.278,5.18,0,0,2,0,188,6,23,0,4,2
harvema01,2016,1,NYN,NL,4,10,17,17,0,0,0,278,111,50,8,25,76,0.302,4.86,1,4,1,0,402,0,55,5,4,10
cessalu01,2016,1,NYA,AL,4,4,17,9,0,0,0,211,64,34,16,14,46,0.241,4.35,0,2,3,0,285,5,36,1,1,3
cashnan01,2016,1,SDN,NL,4,7,16,16,0,0,0,238,80,42,13,30,67,0.264,4.76,0,1,6,0,347,0,47,4,3,10
norrida01,2016,1,DET,AL,4,2,14,13,0,0,0,208,75,26,10,22,71,0.271,3.38,0,1,0,0,302,1,30,0,3,3
shiplbr01,2016,1,ARI,NL,4,5,13,11,0,0,0,210,80,41,14,28,43,0.293,5.27,1,1,1,0,306,0,43,2,2,13
adlemti01,2016,1,CIN,NL,4,4,13,13,0,0,0,209,64,31,13,20,47,0.251,4,1,0,5,0,287,0,32,6,1,8
delarru01,2016,1,ARI,NL,4,5,13,10,0,0,0,152,43,24,8,20,54,0.219,4.26,1,2,4,1,222,1,26,1,1,0
reyesal02,2016,1,SLN,NL,4,1,12,5,0,0,1,138,33,8,1,23,52,0.201,1.57,1,3,0,1,189,3,8,1,1,1
nolasri01,2016,2,LAA,AL,4,6,11,11,1,1,0,219,63,26,8,15,51,0.232,3.21,0,3,2,0,290,0,27,1,0,9
musgrjo01,2016,1,HOU,AL,4,4,11,10,0,0,0,186,59,28,9,16,55,0.25,4.06,0,0,3,0,256,1,28,0,1,4
gsellro01,2016,1,NYN,NL,4,2,8,7,0,0,0,134,42,12,1,15,42,0.258,2.42,2,1,1,0,185,0,12,4,2,3
familje01,2016,1,NYN,NL,3,4,78,0,0,0,51,233,63,22,1,31,84,0.22,2.55,6,3,1,0,321,67,25,2,1,10
baezpe01,2016,1,LAN,NL,3,2,73,0,0,0,0,222,52,25,11,22,83,0.195,3.04,0,3,2,2,295,10,27,1,2,3
betande01,2016,1,NYA,AL,3,6,73,0,0,0,12,219,54,25,5,28,126,0.201,3.08,0,6,1,0,299,20,31,1,1,4
dysonsa01,2016,1,TEX,AL,3,2,73,0,0,0,38,211,63,19,5,23,55,0.244,2.43,0,3,3,0,285,53,19,1,0,12
torreca01,2016,1,MIL,NL,3,3,72,0,0,0,2,247,65,25,8,30,78,0.217,2.73,3,1,4,1,339,12,26,3,2,6
strichu01,2016,1,SFN,NL,3,3,72,0,0,0,3,183,50,21,4,19,57,0.221,3.1,3,3,2,0,250,14,21,0,3,2
janseke01,2016,1,LAN,NL,3,2,71,0,0,0,47,206,35,14,4,11,104,0.15,1.83,2,1,2,0,251,63,14,3,1,1
hernada01,2016,1,PHI,NL,3,4,70,0,0,0,1,218,77,31,11,32,80,0.27,3.84,5,6,2,0,322,16,31,1,1,5
gomezje01,2016,1,PHI,NL,3,5,70,0,0,0,37,206,78,37,6,22,47,0.289,4.85,2,3,2,0,297,59,38,0,3,10
hudsoda01,2016,1,ARI,NL,3,2,70,0,0,0,5,181,65,35,6,22,58,0.269,5.22,3,5,4,0,268,17,40,0,0,3
allenco01,2016,1,CLE,AL,3,5,67,0,0,0,32,204,41,19,8,27,87,0.177,2.51,2,3,0,0,264,55,23,3,2,7
buchtry01,2016,1,SDN,NL,3,0,67,0,0,0,1,189,34,20,4,31,78,0.16,2.86,3,3,2,0,247,10,20,0,2,4
kellesh01,2016,1,WAS,NL,3,2,67,0,0,0,7,174,41,17,9,11,80,0.194,2.64,2,2,0,0,224,26,19,0,2,1
tonkimi01,2016,1,MIN,AL,3,2,65,0,0,0,0,215,80,40,13,24,80,0.28,5.02,0,5,3,0,315,23,46,2,0,7
estevca01,2016,1,COL,NL,3,7,63,0,0,0,11,165,50,32,6,28,59,0.24,5.24,4,3,5,0,246,26,32,1,4,1
rodrifr03,2016,1,DET,AL,3,4,61,0,0,0,44,175,45,21,6,21,52,0.214,3.24,1,4,1,0,235,55,24,0,3,4
salasfe01,2016,1,LAA,AL,3,6,58,0,0,0,6,169,52,28,9,19,45,0.248,4.47,1,0,0,0,231,22,28,0,2,5
rogerta01,2016,1,MIN,AL,3,1,57,0,0,0,0,184,63,27,7,16,64,0.26,3.96,3,1,5,0,264,8,29,0,1,9
kontoge01,2016,1,SFN,NL,3,2,57,0,0,0,0,160,42,15,3,20,35,0.219,2.53,3,1,2,0,216,17,19,1,1,6
gearrco01,2016,1,SFN,NL,3,2,56,0,0,0,3,145,42,23,4,14,45,0.233,4.28,2,1,1,0,197,10,24,0,2,7
rossro01,2016,1,BOS,AL,3,2,54,0,0,0,0,166,47,20,2,23,56,0.228,3.25,0,7,8,0,238,8,21,0,1,6
cedenxa01,2016,1,TBA,AL,3,4,54,0,0,0,0,124,36,17,2,13,43,0.229,3.7,1,3,0,0,174,7,17,1,2,2
mcallza01,2016,1,CLE,AL,3,2,53,2,0,0,0,157,53,20,6,23,54,0.256,3.44,2,3,2,0,233,11,21,1,0,1
tazawju01,2016,1,BOS,AL,3,2,53,0,0,0,0,149,47,23,9,14,54,0.245,4.17,1,4,1,0,208,5,23,0,1,2
withrch01,2016,1,ATL,NL,3,0,46,0,0,0,0,113,29,15,5,17,28,0.213,3.58,1,1,2,0,158,6,16,2,1,2
guerrde01,2016,1,LAA,AL,3,0,44,0,0,0,0,160,52,19,6,7,36,0.249,3.21,0,2,2,1,220,11,23,1,1,3
blazemi01,2016,1,MIL,NL,3,1,41,0,0,0,0,124,52,26,7,27,36,0.311,5.66,3,2,2,0,201,7,31,1,4,5
iglesra01,2016,1,CIN,NL,3,2,37,5,0,0,6,235,63,22,7,26,83,0.216,2.53,1,3,5,1,325,15,22,1,2,3
petityu01,2016,1,WAS,NL,3,5,36,1,0,0,1,186,67,31,12,15,49,0.272,4.5,3,3,0,1,265,16,33,3,1,4
verrelo01,2016,1,NYN,NL,3,8,35,12,0,0,0,275,100,53,16,43,66,0.283,5.2,3,4,4,1,406,10,55,3,3,10
couloda01,2016,1,OAK,AL,3,1,35,0,0,0,0,143,37,24,6,17,54,0.216,4.53,2,3,0,0,193,11,24,2,3,3
youngch03,2016,1,KCA,AL,3,9,34,13,0,0,1,266,104,61,28,43,94,0.291,6.19,1,3,1,0,406,7,63,0,4,3
odayda01,2016,1,BAL,AL,3,1,34,0,0,0,3,93,25,13,6,13,38,0.214,3.77,2,0,1,0,131,6,13,0,0,1
bailean01,2016,1,PHI,NL,3,1,33,0,0,0,0,97,32,23,6,15,33,0.26,6.4,0,2,1,1,144,4,23,3,2,1
montgmi01,2016,1,SEA,AL,3,4,32,2,0,0,0,185,49,16,3,18,54,0.22,2.34,2,5,6,0,250,13,18,2,1,8
smithjo07,2016,1,CIN,NL,3,3,32,2,0,0,0,179,57,31,11,26,48,0.247,4.68,1,1,1,0,260,8,32,1,1,1
chapmar01,2016,1,NYA,AL,3,0,31,0,0,0,20,94,20,7,2,8,44,0.179,2.01,0,2,0,1,120,29,8,0,0,2
rusinch01,2016,1,COL,NL,3,5,29,7,0,0,0,253,82,35,5,23,69,0.259,3.74,2,4,3,0,350,1,36,7,0,10
warread01,2016,1,CHN,NL,3,2,29,1,0,0,0,105,31,23,7,19,27,0.238,5.91,4,0,0,0,152,4,24,2,1,1
bastaan01,2016,2,PIT,NL,3,0,28,0,0,0,0,72,19,11,3,11,28,0.216,4.13,1,5,1,2,102,0,13,0,2,0
avilalu01,2016,1,LAN,NL,3,0,27,0,0,0,0,59,12,7,0,10,28,0.176,3.2,4,1,2,0,82,3,8,2,0,1
streehu01,2016,1,LAA,AL,3,2,26,0,0,0,9,67,31,16,5,12,14,0.337,6.45,2,0,0,0,105,21,16,0,1,2
vogelry01,2016,1,PIT,NL,3,7,24,14,0,0,0,247,80,44,11,40,61,0.254,4.81,2,4,4,0,366,2,51,6,0,6
suareal01,2016,1,SFN,NL,3,5,22,12,0,0,0,252,84,40,11,26,54,0.264,4.29,5,1,4,0,355,2,42,4,3,8
severlu01,2016,1,NYA,AL,3,8,22,11,0,0,0,213,78,46,11,25,66,0.275,5.83,1,3,3,0,312,3,48,0,0,8
norribu01,2016,1,ATL,NL,3,7,22,10,0,0,0,211,68,33,6,28,60,0.257,4.22,1,3,2,0,301,0,34,3,3,5
rodried05,2016,1,BOS,AL,3,7,20,20,0,0,0,321,99,56,16,40,100,0.241,4.71,1,0,3,0,458,0,58,1,4,3
millesh01,2016,1,ARI,NL,3,12,20,20,1,1,0,303,127,69,14,42,70,0.31,6.15,3,3,2,0,460,0,72,3,3,8
smokejo01,2016,1,NYN,NL,3,0,20,0,0,0,0,46,16,8,4,4,25,0.267,4.7,1,0,1,0,65,4,10,0,0,2
milonto01,2016,1,MIN,AL,3,5,19,12,0,0,0,208,84,44,15,22,49,0.299,5.71,3,3,1,1,311,3,53,4,3,6
storedr01,2016,2,SEA,AL,3,0,19,0,0,0,0,55,13,7,1,3,16,0.191,3.44,0,0,1,0,72,1,7,0,0,1
nicolju01,2016,1,MIA,NL,3,6,18,13,0,0,0,238,96,44,8,20,37,0.307,4.99,1,1,3,0,346,0,45,4,6,9
wrighmi01,2016,1,BAL,AL,3,4,18,12,0,0,0,224,81,48,12,26,50,0.282,5.79,0,2,9,0,328,5,53,1,5,10
clevimi01,2016,1,CLE,AL,3,3,17,10,0,0,0,159,50,31,8,29,50,0.246,5.26,0,2,0,0,233,3,31,0,1,1
clemepa02,2016,2,SDN,NL,3,5,16,12,0,0,0,184,61,25,9,23,47,0.257,3.67,0,4,3,1,267,2,32,1,3,6
ramosce01,2016,1,TEX,AL,3,3,16,4,0,0,1,143,60,32,12,20,27,0.319,6.04,1,0,1,0,212,2,34,0,3,10
alvarda01,2016,1,ATL,NL,3,1,16,0,0,0,0,45,11,5,3,5,28,0.2,3,2,4,1,0,61,4,5,0,0,1
pomerdr01,2016,2,BOS,AL,3,5,14,13,0,0,0,206,70,35,14,24,71,0.262,4.59,1,3,0,0,292,1,35,1,0,6
berrijo01,2016,1,MIN,AL,3,7,14,14,0,0,0,175,74,52,12,35,49,0.31,8.02,0,1,5,0,281,0,56,2,0,5
tropeni01,2016,1,LAA,AL,3,2,13,13,0,0,0,205,70,27,14,31,68,0.27,3.56,1,4,2,0,296,0,27,1,3,4
norribu01,2016,2,LAN,NL,3,3,13,9,0,0,0,128,48,31,8,21,42,0.279,6.54,3,4,1,0,194,1,33,0,0,7
eflinza01,2016,1,PHI,NL,3,5,11,11,2,1,0,190,67,39,12,17,31,0.269,5.54,1,1,1,0,272,0,42,1,4,5
santihe01,2016,2,MIN,AL,3,6,11,11,0,0,0,184,65,38,13,22,37,0.267,5.58,0,1,1,0,270,0,39,2,2,2
richacl01,2016,2,SDN,NL,3,3,11,9,0,0,0,161,58,15,4,24,34,0.278,2.52,0,2,0,0,234,0,21,0,1,12
leblawa01,2016,1,SEA,AL,3,0,11,8,0,0,1,150,52,25,14,9,41,0.261,4.5,0,0,0,0,208,3,27,0,0,4
thompja03,2016,1,PHI,NL,3,6,10,10,0,0,0,161,53,34,10,28,32,0.265,5.7,1,4,4,0,237,0,34,2,3,9
skaggty01,2016,1,LAA,AL,3,4,10,10,0,0,0,149,51,23,5,23,50,0.267,4.17,0,0,2,0,219,0,23,0,3,4
hillri01,2016,2,LAN,NL,3,2,6,6,0,0,0,103,22,7,2,5,39,0.182,1.83,0,0,0,0,128,0,7,1,1,0
shawbr01,2016,1,CLE,AL,2,5,75,0,0,0,1,200,56,24,8,28,69,0.23,3.24,3,2,1,0,275,9,26,2,1,8
herreke01,2016,1,KCA,AL,2,6,72,0,0,0,12,216,57,22,6,12,86,0.214,2.75,0,3,3,0,283,23,23,1,1,3
watsoto01,2016,1,PIT,NL,2,5,70,0,0,0,15,203,52,23,10,20,58,0.215,3.06,1,0,3,0,272,27,26,4,3,9
brittza01,2016,1,BAL,AL,2,1,69,0,0,0,47,201,38,4,1,18,74,0.162,0.54,3,10,0,0,254,63,7,1,0,4
gileske01,2016,1,HOU,AL,2,5,69,0,0,0,15,197,60,30,8,25,102,0.234,4.11,1,14,2,0,286,24,32,2,1,0
grimmju01,2016,1,CHN,NL,2,1,68,0,0,0,0,158,47,24,5,23,65,0.234,4.1,2,7,1,0,225,11,24,0,0,0
loganbo02,2016,1,COL,NL,2,5,66,0,0,0,1,139,27,19,4,20,57,0.166,3.69,5,4,2,0,187,9,23,2,0,4
johnsji04,2016,1,ATL,NL,2,6,65,0,0,0,20,194,57,22,3,20,68,0.236,3.06,0,6,3,0,266,36,23,0,1,9
cingrto01,2016,1,CIN,NL,2,5,65,0,0,0,17,189,54,29,5,37,49,0.236,4.14,1,3,3,1,271,34,30,1,1,5
perezol01,2016,1,WAS,NL,2,3,64,0,0,0,0,120,38,22,4,20,46,0.248,4.95,3,5,7,0,182,7,22,1,1,4
krolia01,2016,1,ATL,NL,2,0,63,0,0,0,0,153,54,18,4,13,56,0.271,3.18,3,5,3,0,217,7,19,1,1,3
garcija01,2016,1,SFN,NL,2,5,62,0,0,0,31,174,50,23,8,19,65,0.235,3.57,2,4,5,2,241,44,23,3,1,6
boyerbl01,2016,1,MIL,NL,2,4,61,0,0,0,1,198,80,29,4,17,26,0.305,3.95,3,0,1,0,282,17,30,0,2,11
colemlo01,2016,1,LAN,NL,2,1,61,0,0,0,0,144,45,25,5,24,45,0.25,4.69,2,3,3,0,211,11,27,2,2,3
morinmi01,2016,1,LAA,AL,2,2,60,0,0,0,0,167,52,27,6,15,49,0.25,4.37,1,1,1,1,227,8,31,2,1,3
neshepa01,2016,1,HOU,AL,2,2,60,0,0,0,0,141,33,16,6,11,43,0.194,3.06,7,1,0,0,185,9,17,3,1,2
bowmama01,2016,1,SLN,NL,2,5,59,0,0,0,0,203,59,26,4,20,52,0.229,3.46,2,0,1,0,281,12,31,1,1,8
alberma01,2016,1,CHA,AL,2,6,58,1,0,0,0,154,67,36,10,19,30,0.321,6.31,1,4,3,0,237,11,44,3,2,4
liberad01,2016,1,LAN,NL,2,2,58,0,0,0,0,128,34,16,2,17,47,0.219,3.38,4,1,2,0,176,9,16,0,2,3
colomal01,2016,1,TBA,AL,2,4,57,0,0,0,37,170,43,12,6,15,71,0.206,1.91,1,1,2,0,226,48,12,0,0,5
kimbrcr01,2016,1,BOS,AL,2,6,57,0,0,0,31,159,28,20,4,30,83,0.152,3.4,0,6,4,0,220,47,22,1,1,3
mcgeeja01,2016,1,COL,NL,2,3,57,0,0,0,15,137,56,24,9,16,38,0.301,4.73,1,4,3,0,205,25,25,0,0,5
rondohe01,2016,1,CHN,NL,2,3,54,0,0,0,18,153,42,20,8,8,58,0.225,3.53,0,3,2,0,200,35,20,1,2,4
stroppe01,2016,1,CHN,NL,2,2,54,0,0,0,0,142,27,15,4,15,60,0.163,2.85,1,7,4,0,187,8,16,0,2,3
manshje01,2016,1,CLE,AL,2,1,53,0,0,0,0,130,40,15,7,22,36,0.241,3.12,2,0,0,0,189,8,20,0,1,5
dukeza01,2016,1,CHA,AL,2,0,53,0,0,0,1,113,31,11,2,16,42,0.225,2.63,3,2,2,0,159,9,11,2,1,4
romeren01,2016,1,TBA,AL,2,0,52,0,0,0,1,137,42,30,7,28,50,0.244,5.91,1,1,0,0,204,15,31,0,4,3
villaca01,2016,1,SDN,NL,2,2,51,0,0,0,1,222,89,49,17,14,61,0.297,5.96,4,2,3,0,321,11,50,2,2,4
ueharko01,2016,1,BOS,AL,2,3,50,0,0,0,7,141,34,18,8,11,63,0.2,3.45,1,1,2,0,184,12,18,1,0,2
moylape01,2016,1,KCA,AL,2,0,50,0,0,0,0,134,42,17,4,16,34,0.251,3.43,0,3,2,0,191,11,19,1,5,7
jeffrje01,2016,1,MIL,NL,2,2,47,0,0,0,27,134,45,11,2,11,35,0.262,2.22,3,0,4,0,190,40,13,2,1,6
daviswa01,2016,1,KCA,AL,2,1,45,0,0,0,27,130,33,9,0,16,47,0.21,1.87,0,4,3,0,176,40,9,0,0,4
bedroca01,2016,1,LAA,AL,2,0,45,0,0,0,1,121,30,5,1,14,51,0.207,1.12,1,3,2,0,162,9,7,0,1,3
rosentr01,2016,1,SLN,NL,2,4,45,0,0,0,14,121,48,20,3,29,56,0.293,4.46,0,0,3,0,197,27,22,1,0,4
maytr01,2016,1,MIN,AL,2,2,44,0,0,0,0,128,39,25,7,17,60,0.232,5.27,1,10,2,0,187,10,26,0,0,1
doolise01,2016,1,OAK,AL,2,3,44,0,0,0,4,117,33,14,6,8,45,0.231,3.23,2,1,0,0,155,13,14,4,0,1
hendeji01,2016,1,NYN,NL,2,2,44,0,0,0,0,105,34,16,7,14,40,0.248,4.11,0,0,2,1,155,8,17,1,1,1
quallch01,2016,1,COL,NL,2,0,44,0,0,0,0,98,43,19,5,9,22,0.305,5.23,1,1,0,0,152,14,22,1,1,1
ramirjc01,2016,2,LAA,AL,2,1,43,0,0,0,1,139,42,15,5,13,31,0.241,2.91,0,4,4,0,196,9,17,1,4,3
yateski01,2016,1,NYA,AL,2,1,41,0,0,0,0,124,41,24,5,19,50,0.258,5.23,1,1,4,0,184,11,24,1,1,1
germego01,2016,1,COL,NL,2,1,40,0,0,0,1,122,41,24,5,25,32,0.266,5.31,3,5,1,0,182,8,25,1,1,3
clippty01,2016,1,ARI,NL,2,3,40,0,0,0,1,113,34,18,7,15,46,0.245,4.3,0,1,0,3,155,10,18,1,0,1
hochelu01,2016,1,KCA,AL,2,3,40,0,0,0,0,112,31,16,6,9,40,0.226,3.86,0,2,3,0,151,1,17,1,1,1
rodnefe01,2016,2,MIA,NL,2,3,39,0,0,0,8,110,41,24,5,25,41,0.289,5.89,3,4,3,0,174,17,25,3,1,3
solissa01,2016,1,WAS,NL,2,4,37,0,0,0,0,123,31,11,1,21,47,0.211,2.41,2,2,1,0,172,10,12,3,0,3
tollesh01,2016,1,TEX,AL,2,2,37,0,0,0,11,109,53,31,8,10,29,0.338,7.68,2,1,0,0,168,19,32,0,1,0
boshebu01,2016,1,MIN,AL,2,0,37,0,0,0,0,108,35,17,3,7,37,0.248,4.25,1,1,1,0,152,9,21,0,3,2
papeljo01,2016,1,WAS,NL,2,4,37,0,0,0,19,105,37,17,3,14,31,0.27,4.37,3,1,0,0,152,30,18,1,0,5
shrevch01,2016,1,NYA,AL,2,1,37,0,0,0,1,99,29,19,8,13,33,0.232,5.18,0,0,3,0,142,11,19,1,0,0
schugaj01,2016,1,PIT,NL,2,2,36,0,0,0,1,156,41,21,4,13,46,0.216,3.63,0,2,1,0,204,11,22,0,0,5
zieglbr01,2016,1,ARI,NL,2,3,36,0,0,0,18,115,41,12,1,15,27,0.281,2.82,5,0,2,0,165,30,13,1,1,10
goedder01,2016,1,NYN,NL,2,2,36,0,0,0,0,107,33,18,5,14,36,0.234,4.54,1,5,1,0,157,10,20,0,1,0
ogandal01,2016,1,ATL,NL,2,1,36,0,0,0,0,96,32,14,2,23,29,0.274,3.94,5,3,1,0,148,11,18,3,4,4
worleva01,2016,1,BAL,AL,2,2,35,4,0,0,1,260,84,34,11,35,56,0.261,3.53,0,3,3,0,365,13,37,0,3,12
lorenmi01,2016,1,CIN,NL,2,1,35,0,0,0,0,150,41,16,5,13,48,0.224,2.88,0,2,6,2,202,4,16,0,0,10
rodrife02,2016,1,OAK,AL,2,0,34,0,0,0,0,122,30,19,3,17,37,0.21,4.2,0,2,1,0,163,4,19,1,1,5
ramirjo02,2016,1,ATL,NL,2,2,33,0,0,0,0,98,26,13,2,18,33,0.22,3.58,4,3,4,0,143,5,16,0,3,0
jepseke01,2016,1,MIN,AL,2,5,33,0,0,0,7,92,42,21,7,12,22,0.333,6.16,1,2,0,0,141,19,22,0,3,3
zieglbr01,2016,2,BOS,AL,2,4,33,0,0,0,4,89,26,5,1,11,31,0.234,1.52,2,1,1,0,124,12,8,1,0,6
araujel01,2016,1,PHI,NL,2,1,32,0,0,0,0,82,35,17,4,17,29,0.313,5.6,2,0,2,1,134,9,22,2,1,2
lyonsty01,2016,1,SLN,NL,2,0,30,0,0,0,0,144,35,18,9,14,46,0.205,3.38,0,2,0,0,187,10,18,1,1,6
manesse01,2016,1,SLN,NL,2,2,29,0,0,0,0,95,34,12,2,8,16,0.274,3.41,2,2,0,0,134,13,14,1,1,4
clippty01,2016,2,NYA,AL,2,3,29,0,0,0,2,76,20,7,3,11,26,0.211,2.49,2,4,1,0,107,7,9,0,0,1
layneto01,2016,2,NYA,AL,2,0,29,0,0,0,1,48,10,6,2,7,13,0.175,3.38,1,1,2,0,67,4,6,1,0,0
floydga01,2016,1,TOR,AL,2,4,28,0,0,0,0,93,23,14,4,8,30,0.205,4.06,1,4,3,0,124,10,14,0,1,2
oberhbr01,2016,1,PHI,NL,2,2,26,0,0,0,1,151,58,27,11,20,38,0.284,4.83,0,1,0,0,226,10,28,1,1,4
beckch02,2016,1,CHA,AL,2,2,25,0,0,0,0,76,31,18,3,17,20,0.301,6.39,1,0,2,0,123,4,18,0,1,2
benoijo01,2016,2,TOR,AL,2,0,25,0,0,0,1,71,17,1,1,9,24,0.205,0.38,0,0,0,0,93,4,1,0,1,4
valdejo03,2016,1,LAA,AL,2,3,25,0,0,0,0,70,17,11,4,16,22,0.202,4.24,0,2,0,1,100,4,11,0,0,2
nealza01,2016,1,OAK,AL,2,4,24,6,0,0,2,210,72,33,9,6,27,0.265,4.24,0,2,1,1,281,7,35,0,2,6
morgaad01,2016,1,PHI,NL,2,11,23,21,0,0,0,340,141,76,23,29,95,0.303,6.04,3,2,4,0,507,1,81,3,4,8
strahma01,2016,1,KCA,AL,2,2,21,0,0,0,0,66,13,3,0,11,30,0.173,1.23,1,1,1,0,88,1,4,0,1,3
hunteto02,2016,1,CLE,AL,2,2,21,0,0,0,0,65,21,9,1,5,17,0.256,3.74,1,0,2,0,90,5,10,1,0,3
wilheto01,2016,1,TEX,AL,2,3,21,0,0,0,0,64,38,25,7,9,11,0.392,10.55,0,0,2,0,109,3,25,0,1,4
anderco01,2016,1,CLE,AL,2,5,19,9,0,0,0,182,85,45,13,13,54,0.333,6.68,3,5,1,0,270,2,45,0,1,4
gloveko01,2016,1,WAS,NL,2,0,19,0,0,0,0,59,15,11,3,7,16,0.2,5.03,1,1,1,0,83,4,12,0,0,1
butleed01,2016,1,COL,NL,2,5,17,9,0,0,0,192,87,51,13,21,47,0.328,7.17,1,1,3,0,293,0,57,2,2,6
mcfartj01,2016,1,BAL,AL,2,2,16,0,0,0,0,74,33,19,3,10,7,0.34,6.93,2,1,2,0,112,2,19,0,3,6
blairaa01,2016,1,ATL,NL,2,7,15,15,0,0,0,210,82,59,14,34,46,0.299,7.59,4,0,6,0,324,0,61,3,7,4
simonal01,2016,1,CIN,NL,2,7,15,11,0,0,0,176,89,61,15,31,39,0.349,9.36,2,3,8,0,298,1,64,1,3,6
cunnibr02,2016,1,ATL,NL,2,0,15,0,0,0,0,51,14,8,2,9,16,0.233,4.24,1,1,2,0,74,3,9,2,1,0
mengdda01,2016,1,OAK,AL,2,9,14,14,0,0,0,216,83,52,9,33,71,0.284,6.5,0,5,4,0,332,0,54,2,1,3
jenkity01,2016,1,ATL,NL,2,4,14,8,0,0,0,156,55,34,11,33,26,0.279,5.88,1,1,1,0,237,2,35,3,3,6
lobstky01,2016,1,PIT,NL,2,0,14,0,0,0,0,75,25,11,2,12,15,0.263,3.96,1,2,2,0,110,3,11,1,0,4
suterbr01,2016,1,MIL,NL,2,2,14,2,0,0,0,65,25,8,3,5,15,0.298,3.32,0,1,1,0,91,4,8,1,0,0
feldmsc01,2016,2,TOR,AL,2,1,14,0,0,0,0,45,23,14,2,6,14,0.348,8.4,0,0,0,0,73,4,15,1,0,2
poundbr01,2016,1,KCA,AL,2,1,13,0,0,0,0,38,19,13,6,3,13,0.352,9.24,0,0,0,1,58,6,13,0,1,0
greench03,2016,1,NYA,AL,2,4,12,8,0,0,1,137,49,24,12,15,52,0.272,4.73,0,1,1,0,198,4,26,1,1,3
martini01,2016,1,TEX,AL,2,3,12,5,0,0,0,116,45,24,8,19,16,0.29,5.59,1,0,5,0,179,2,24,0,0,8
shielja02,2016,1,SDN,NL,2,7,11,11,0,0,0,202,69,32,9,27,57,0.272,4.28,2,3,1,0,284,0,33,1,1,11
mileywa01,2016,2,BAL,AL,2,5,11,11,0,0,0,162,70,37,7,15,55,0.315,6.17,0,3,3,0,242,0,38,0,2,4
perezwi01,2016,1,ATL,NL,2,3,11,11,0,0,0,161,57,36,7,15,27,0.271,6.04,3,4,2,0,233,0,37,4,2,5
liriafr01,2016,2,TOR,AL,2,2,10,8,0,0,0,148,42,16,7,16,52,0.222,2.92,0,1,2,0,208,0,22,0,1,6
mccarbr01,2016,1,LAN,NL,2,3,10,9,0,0,0,120,29,22,2,26,44,0.207,4.95,1,2,2,0,171,0,24,1,2,3
hahnje01,2016,1,OAK,AL,2,4,9,9,0,0,0,139,57,31,8,19,23,0.313,6.02,1,2,0,0,203,0,32,1,1,10
detwiro01,2016,2,OAK,AL,2,4,9,7,0,0,0,132,56,30,4,15,23,0.306,6.14,0,3,1,0,199,0,31,0,0,5
linceti01,2016,1,LAA,AL,2,6,9,9,0,0,0,115,68,39,11,23,32,0.395,9.16,0,3,2,0,200,0,41,1,2,5
stephro01,2016,1,CIN,NL,2,3,8,8,0,0,0,111,41,25,9,19,31,0.279,6.08,1,2,4,1,170,0,26,0,0,3
stewabr01,2016,1,LAN,NL,2,2,7,5,0,0,0,84,33,18,7,12,25,0.292,5.79,1,0,0,0,126,0,18,1,0,1
baileho02,2016,1,CIN,NL,2,3,6,6,0,0,0,69,35,17,2,7,27,0.35,6.65,0,1,2,0,111,0,19,0,2,1
cottojh01,2016,1,OAK,AL,2,0,5,5,0,0,0,88,20,7,4,4,23,0.185,2.15,0,1,0,0,112,0,10,0,0,2
harrelu01,2016,1,ATL,NL,2,2,5,5,0,0,0,88,25,11,1,12,21,0.234,3.38,0,3,3,0,124,0,13,1,1,2
asheral01,2016,1,PHI,NL,2,1,5,5,0,0,0,83,22,7,1,4,13,0.216,2.28,0,0,2,0,111,0,11,2,1,2
osullse01,2016,1,BOS,AL,2,0,5,4,0,0,0,64,30,16,3,6,13,0.337,6.75,0,2,2,0,98,1,17,0,1,1
deleojo03,2016,1,LAN,NL,2,0,4,4,0,0,0,51,19,12,5,7,15,0.288,6.35,1,0,3,0,80,0,17,3,1,0
roachdo01,2016,1,SEA,AL,2,0,4,0,0,0,0,16,7,5,1,2,2,0.292,8.44,0,1,1,0,28,1,5,0,1,0
collmjo01,2016,2,ATL,NL,2,0,3,3,0,0,0,57,15,5,3,5,16,0.221,2.37,0,0,1,0,76,0,5,2,0,2
barreja01,2016,1,ARI,NL,1,2,68,0,0,0,4,178,47,23,6,28,56,0.218,3.49,4,4,3,0,250,12,25,0,3,4
lopezja02,2016,1,SFN,NL,1,3,68,0,0,0,1,80,24,12,3,15,15,0.24,4.05,0,0,2,0,118,6,13,1,0,4
ramosaj01,2016,1,MIA,NL,1,4,67,0,0,0,40,192,52,20,1,35,73,0.223,2.81,3,6,4,0,278,52,21,2,4,5
hugheja02,2016,1,PIT,NL,1,1,67,0,0,0,1,178,62,20,6,22,34,0.277,3.03,3,5,5,0,257,18,24,4,2,8
harriwi02,2016,1,HOU,AL,1,2,66,0,0,0,12,192,52,16,3,15,69,0.22,2.25,1,4,1,0,255,19,17,1,2,6
alvarjo02,2016,1,LAA,AL,1,3,64,0,0,0,0,172,71,22,4,15,51,0.298,3.45,4,2,1,0,256,12,29,1,1,5
howeljp01,2016,1,LAN,NL,1,1,64,0,0,0,0,152,56,23,4,15,44,0.281,4.09,2,3,3,0,220,11,23,1,2,4
sippto01,2016,1,HOU,AL,1,2,60,0,0,0,1,131,52,24,12,18,40,0.297,4.95,0,0,1,0,195,13,26,0,1,6
osichjo01,2016,1,SFN,NL,1,3,59,0,0,0,0,109,31,19,7,19,25,0.228,4.71,1,2,3,0,160,9,20,1,0,4
rzepcma01,2016,1,OAK,AL,1,0,56,0,0,0,0,108,38,12,1,24,37,0.266,3,6,5,2,0,169,15,14,0,0,5
mcgowdu01,2016,1,MIA,NL,1,3,55,0,0,0,1,201,49,21,7,33,63,0.202,2.82,7,4,2,0,279,24,26,0,2,6
nunovi01,2016,1,SEA,AL,1,1,55,1,0,0,0,176,67,23,11,11,51,0.289,3.53,2,0,2,2,247,14,23,0,2,4
lowema01,2016,1,DET,AL,1,3,54,0,0,0,0,148,57,39,12,21,49,0.291,7.11,2,2,1,0,224,26,41,0,6,0
cecilbr01,2016,1,TOR,AL,1,7,54,0,0,0,0,110,39,16,6,8,45,0.269,3.93,0,0,2,0,157,8,17,1,1,3
cervehu01,2016,1,ATL,NL,1,0,50,0,0,0,0,102,20,12,2,23,35,0.175,3.18,5,6,1,0,139,8,14,1,0,5
diazju03,2016,1,CIN,NL,1,1,45,0,0,0,0,129,36,15,8,19,37,0.224,3.14,1,5,1,0,182,11,20,1,0,4
melanma01,2016,1,PIT,NL,1,1,45,0,0,0,30,125,31,7,2,9,38,0.205,1.51,0,1,1,0,163,39,10,0,2,2
burgoen02,2016,1,ARI,NL,1,2,43,0,0,0,1,124,38,26,5,23,43,0.253,5.66,5,5,1,1,178,16,27,2,2,5
vizcaar01,2016,1,ATL,NL,1,4,43,0,0,0,10,116,37,19,3,26,50,0.24,4.42,3,3,1,1,182,24,25,1,0,2
ramosed02,2016,1,PHI,NL,1,3,42,0,0,0,0,120,36,17,5,11,40,0.243,3.83,1,1,0,1,160,6,18,1,0,2
milleju02,2016,1,COL,NL,1,1,40,0,0,0,0,128,50,27,6,20,45,0.298,5.7,0,3,2,1,194,13,27,0,3,3
romose01,2016,1,SFN,NL,1,0,40,0,0,0,4,92,26,9,5,7,33,0.236,2.64,1,1,0,0,117,13,9,0,0,4
chaveje01,2016,1,TOR,AL,1,2,39,0,0,0,0,124,43,21,9,10,42,0.269,4.57,0,1,2,0,173,6,22,0,1,4
caminar01,2016,1,PIT,NL,1,2,39,0,0,0,1,123,46,16,4,22,32,0.289,3.51,0,1,4,0,187,9,17,1,1,5
abadfe01,2016,1,MIN,AL,1,4,39,0,0,0,1,102,27,10,2,14,29,0.22,2.65,2,0,0,1,138,8,11,0,1,6
oflaher01,2016,1,ATL,NL,1,4,39,0,0,0,0,86,39,22,3,11,22,0.32,6.91,2,3,2,0,136,8,25,1,0,3
smithjo05,2016,1,LAA,AL,1,4,38,0,0,0,6,113,36,16,4,13,25,0.257,3.82,3,0,5,1,160,16,16,1,1,4
storedr01,2016,1,TOR,AL,1,3,38,0,0,0,3,100,43,23,6,10,32,0.309,6.21,1,0,6,1,156,13,23,1,0,2
gartory01,2016,1,TBA,AL,1,2,37,0,0,0,1,118,44,19,5,11,33,0.277,4.35,2,2,0,0,171,14,20,1,0,4
flynnbr01,2016,1,KCA,AL,1,2,36,1,0,0,0,166,38,16,5,23,44,0.198,2.6,0,8,1,0,221,11,19,4,1,11
farquda01,2016,1,TBA,AL,1,0,35,0,0,0,0,106,33,12,8,15,46,0.241,3.06,1,1,4,0,158,11,14,2,0,1
knebeco01,2016,1,MIL,NL,1,4,35,0,0,0,2,98,32,17,3,16,38,0.252,4.68,3,1,1,0,145,7,20,0,1,1
dominjo01,2016,1,SDN,NL,1,0,34,0,0,0,0,107,34,20,5,17,20,0.258,5.05,1,2,4,0,155,6,23,1,1,8
ottavad01,2016,1,COL,NL,1,3,34,0,0,0,7,81,18,8,3,7,35,0.184,2.67,0,4,2,0,107,19,9,0,0,1
melanma01,2016,2,WAS,NL,1,1,30,0,0,0,17,89,21,6,1,3,27,0.202,1.82,0,3,0,0,107,28,6,0,0,4
riverfe01,2016,2,PIT,NL,1,3,28,0,0,0,0,82,23,10,3,18,39,0.221,3.29,1,2,1,0,124,3,13,0,1,1
chapmar01,2016,2,CHN,NL,1,1,28,0,0,0,16,80,12,3,0,10,46,0.132,1.01,0,6,0,0,102,23,4,0,1,0
achteaj01,2016,1,LAA,AL,1,0,27,0,0,0,0,113,43,13,7,12,14,0.295,3.11,1,0,1,0,160,17,13,0,1,7
gonzase01,2016,1,PHI,NL,1,2,27,0,0,0,0,106,40,22,4,7,34,0.286,5.6,1,0,1,1,151,12,22,0,3,1
ramirjc01,2016,1,CIN,NL,1,3,27,0,0,0,1,97,35,23,7,9,28,0.278,6.4,2,3,0,0,139,7,24,1,3,0
smithwi04,2016,1,MIL,NL,1,3,27,0,0,0,0,66,18,9,3,9,22,0.225,3.68,1,3,1,0,92,3,13,1,1,2
swarzan01,2016,1,NYA,AL,1,2,26,0,0,0,0,93,28,19,10,7,31,0.243,5.52,0,1,1,0,124,6,19,0,1,3
benoijo01,2016,1,SEA,AL,1,1,26,0,0,0,0,73,20,14,4,15,28,0.215,5.18,1,1,1,0,111,2,16,1,1,0
peraljo01,2016,1,SEA,AL,1,0,26,0,0,0,0,70,24,14,7,7,28,0.261,5.4,0,0,0,0,100,5,14,0,1,0
smithwi04,2016,2,SFN,NL,1,1,26,0,0,0,0,55,13,6,0,9,26,0.197,2.95,0,0,0,0,75,1,6,0,0,1
putnaza01,2016,1,CHA,AL,1,0,25,0,0,0,0,82,25,7,2,11,30,0.248,2.3,1,2,0,0,114,6,7,0,2,1
escobed02,2016,1,ARI,NL,1,2,25,2,0,0,0,71,33,19,4,12,17,0.333,7.23,3,0,4,0,116,3,21,1,0,3
chargjt01,2016,1,MIN,AL,1,1,25,0,0,0,0,69,25,12,0,12,17,0.291,4.7,0,3,1,0,100,10,12,0,1,5
mariomi01,2016,1,PHI,NL,1,0,25,0,0,0,2,65,18,14,5,14,23,0.222,5.82,1,2,0,0,95,4,14,0,0,0
triggan01,2016,1,OAK,AL,1,1,24,6,0,0,0,169,56,27,5,13,55,0.255,4.31,1,2,3,0,238,7,30,1,1,3
murraco01,2016,1,PHI,NL,1,1,24,0,0,0,0,95,34,22,6,13,31,0.276,6.25,1,5,2,0,142,4,22,2,1,3
obergsc01,2016,1,COL,NL,1,1,24,0,0,0,1,78,26,15,3,11,20,0.257,5.19,2,3,1,0,113,9,15,0,0,4
mahlegr01,2016,1,LAA,AL,1,0,24,0,0,0,0,55,23,11,4,10,14,0.315,5.4,2,1,2,0,86,1,13,1,0,4
ynoami01,2016,1,CHA,AL,1,0,23,0,0,0,0,90,20,10,0,17,30,0.183,3,2,4,5,0,135,7,11,1,2,1
chaveje01,2016,2,LAN,NL,1,0,23,0,0,0,0,77,28,12,3,8,21,0.277,4.21,3,0,0,0,109,3,14,0,0,3
hoytja01,2016,1,HOU,AL,1,1,22,0,0,0,0,66,16,11,5,9,28,0.203,4.5,1,3,1,0,91,7,12,1,1,1
fieldjo03,2016,2,LAN,NL,1,0,22,0,0,0,0,58,20,6,2,8,22,0.256,2.79,2,0,1,0,87,5,8,0,0,1
hardybl01,2016,1,DET,AL,1,0,21,0,0,0,0,77,25,10,2,12,20,0.253,3.51,1,1,0,0,112,10,11,1,0,3
roech01,2016,2,ATL,NL,1,0,21,0,0,0,0,60,14,8,0,7,26,0.2,3.6,1,0,1,0,80,5,8,0,2,2
grillja01,2016,1,ATL,NL,1,2,21,0,0,0,2,51,16,10,2,13,23,0.242,5.29,1,1,1,0,81,8,11,0,1,1
gantjo01,2016,1,ATL,NL,1,4,20,7,0,0,0,150,54,27,7,21,49,0.278,4.86,3,4,2,0,222,6,32,3,2,4
deanpa02,2016,1,MIN,AL,1,6,19,9,0,0,0,202,88,47,13,23,50,0.321,6.28,1,1,0,0,300,4,47,1,2,11
verhadr01,2016,1,DET,AL,1,0,19,0,0,0,0,57,28,15,3,7,10,0.346,7.11,1,1,1,0,90,4,15,0,1,2
carasma01,2016,1,COL,NL,1,0,19,0,0,0,0,47,25,16,1,11,17,0.373,9.19,0,2,3,0,83,7,17,0,2,2
turneja01,2016,1,CHA,AL,1,2,18,2,0,0,0,74,33,18,5,16,18,0.324,6.57,1,2,2,0,122,8,27,0,2,3
campole01,2016,1,SDN,NL,1,0,18,0,0,0,0,66,18,14,3,14,24,0.222,5.73,2,1,1,0,98,10,16,1,1,2
caminar01,2016,2,SEA,AL,1,1,18,0,0,0,0,59,21,8,3,11,18,0.263,3.66,1,1,1,0,93,2,14,1,0,1
hoovejj01,2016,1,CIN,NL,1,2,18,0,0,0,1,56,29,28,9,12,15,0.345,13.5,1,0,1,0,97,8,29,0,0,1
thornma01,2016,1,SDN,NL,1,0,18,0,0,0,0,51,22,11,2,6,9,0.314,5.82,0,0,1,0,77,8,12,0,0,4
morrobr01,2016,1,SDN,NL,1,0,18,0,0,0,0,48,19,3,2,3,8,0.306,1.69,1,0,0,0,68,2,4,2,1,2
montgmi01,2016,2,CHN,NL,1,1,17,5,0,0,0,115,30,12,5,20,38,0.217,2.82,0,5,4,0,164,5,15,1,1,5
garcilu03,2016,1,PHI,NL,1,1,17,0,0,0,0,46,21,11,2,8,14,0.318,6.46,1,2,1,0,76,7,11,0,1,0
weberry01,2016,1,ATL,NL,1,1,16,2,0,0,0,109,46,22,7,5,23,0.309,5.45,2,1,2,0,157,6,22,1,0,5
capuach01,2016,1,MIL,NL,1,1,16,0,0,0,0,72,23,11,7,15,27,0.256,4.13,2,1,1,0,106,3,11,0,0,4
pattosp01,2016,1,CHN,NL,1,1,16,0,0,0,0,64,20,13,3,14,22,0.233,5.48,0,0,1,0,101,7,16,0,0,0
wimmeal01,2016,1,MIN,AL,1,3,16,0,0,0,0,52,14,8,2,11,14,0.237,4.15,1,0,0,0,72,2,8,0,2,3
johnsst02,2016,1,SEA,AL,1,0,16,0,0,0,0,50,13,8,3,11,17,0.206,4.32,0,1,0,0,75,12,8,0,1,0
parkebl01,2016,2,NYA,AL,1,0,16,0,0,0,1,49,16,9,1,8,15,0.25,4.96,1,0,2,0,74,5,9,0,0,0
smithjo05,2016,2,CHN,NL,1,1,16,0,0,0,0,43,11,4,4,5,15,0.216,2.51,0,0,1,0,57,3,4,0,0,0
edginjo01,2016,1,NYN,NL,1,0,16,0,0,0,0,31,10,6,1,6,11,0.27,5.23,0,1,0,0,45,4,6,0,2,2
bergmch01,2016,1,COL,NL,1,3,15,1,0,0,0,74,39,23,7,6,22,0.355,8.39,0,0,0,0,119,5,24,2,1,2
collmjo01,2016,1,ARI,NL,1,0,15,0,0,0,0,67,21,12,4,11,17,0.253,4.84,1,0,2,0,97,10,12,1,0,4
hesslke01,2016,2,SDN,NL,1,0,15,0,0,0,0,56,19,7,2,11,9,0.257,3.38,2,0,0,0,86,4,7,1,0,1
socolmi01,2016,1,SLN,NL,1,0,15,0,0,0,0,54,5,4,2,5,16,0.086,2,0,0,0,0,64,6,4,0,1,0
lambjo02,2016,1,CIN,NL,1,7,14,14,0,0,0,210,84,50,14,31,58,0.303,6.43,0,1,1,1,318,0,54,8,1,6
woodal02,2016,1,LAN,NL,1,4,14,10,0,0,0,181,56,25,5,20,66,0.245,3.73,0,4,3,0,255,0,30,0,2,5
drakeol01,2016,1,BAL,AL,1,0,14,0,0,0,0,54,11,8,2,7,21,0.167,4,0,1,0,0,74,5,11,1,0,0
gustaja01,2016,1,HOU,AL,1,0,14,0,0,0,0,46,13,6,2,4,16,0.232,3.52,0,2,0,0,60,4,6,0,0,1
herrmfr01,2016,1,PHI,NL,1,2,14,0,0,0,0,45,20,14,7,5,14,0.323,8.4,0,3,1,0,69,4,16,1,0,2
fienca01,2016,1,MIN,AL,1,0,14,0,0,0,0,41,21,12,5,3,12,0.35,7.9,0,1,0,0,63,2,12,0,0,2
duensbr01,2016,1,BAL,AL,1,0,14,0,0,0,0,40,13,6,2,3,10,0.25,4.05,1,1,0,0,55,4,6,0,0,1
barbajo01,2016,1,NYA,AL,1,2,13,0,0,0,0,39,13,11,2,5,15,0.26,7.62,0,0,2,0,57,5,11,0,0,0
egeco01,2016,2,LAA,AL,1,0,13,0,0,0,0,26,8,1,1,3,9,0.25,1.04,0,0,0,0,36,3,1,0,1,1
hugheph01,2016,1,MIN,AL,1,7,12,11,1,0,0,177,76,39,11,13,34,0.313,5.95,0,0,0,0,259,0,40,1,2,6
cashnan01,2016,2,MIA,NL,1,4,12,11,0,0,0,158,62,35,6,30,45,0.301,5.98,3,2,1,0,241,1,36,2,2,9
zychto01,2016,1,SEA,AL,1,0,12,0,0,0,0,41,10,5,0,10,21,0.208,3.29,2,0,1,0,60,3,6,0,1,1
jeffrje01,2016,2,TEX,AL,1,0,12,0,0,0,0,40,10,4,0,7,7,0.227,2.7,0,3,0,0,51,1,4,0,0,5
oberhbr01,2016,2,LAA,AL,1,1,11,2,0,0,0,60,27,19,7,9,16,0.318,8.55,1,0,1,0,95,4,19,0,0,1
minayju01,2016,1,CHA,AL,1,0,11,0,0,0,0,31,10,5,0,5,6,0.25,4.35,0,0,2,0,47,3,6,0,0,1
colonjo01,2016,1,CLE,AL,1,3,11,0,0,0,0,30,12,8,2,7,10,0.279,7.2,1,1,0,1,50,5,9,0,0,0
baumabu01,2016,1,SDN,NL,1,0,11,0,0,0,0,29,7,4,0,4,10,0.2,3.72,0,0,1,0,40,2,4,0,0,0
rollida01,2016,1,SEA,AL,1,0,11,0,0,0,0,28,12,8,2,7,6,0.3,7.71,1,1,0,0,47,6,8,0,0,0
ynoaga01,2016,1,NYN,NL,1,0,10,3,0,0,0,55,26,13,0,7,17,0.333,6.38,0,0,1,0,88,2,13,0,2,1
schepta01,2016,1,TEX,AL,1,1,10,0,0,0,1,26,6,4,0,3,5,0.188,4.15,1,2,0,0,35,5,4,0,0,0
mccarke01,2016,1,KCA,AL,1,0,10,0,0,0,0,25,11,6,1,5,7,0.314,6.48,0,0,0,0,41,1,8,1,0,0
hellebe01,2016,1,NYA,AL,1,0,10,0,0,0,0,21,11,5,3,4,6,0.324,6.43,1,0,2,0,40,4,5,0,0,0
weavelu01,2016,1,SLN,NL,1,4,9,8,0,0,0,109,46,23,7,12,45,0.311,5.7,0,1,2,0,167,0,29,2,3,3
martico01,2016,1,SEA,AL,1,2,9,2,0,0,0,77,28,11,5,9,15,0.298,3.86,0,0,1,0,107,3,11,2,1,4
roech01,2016,1,BAL,AL,1,0,9,0,0,0,0,29,8,4,2,7,11,0.216,3.72,0,1,0,0,44,6,4,0,0,0
coleaj01,2016,1,WAS,NL,1,2,8,8,0,0,0,115,37,22,7,14,39,0.248,5.17,1,1,2,0,168,0,24,0,3,0
zastrro01,2016,1,CHN,NL,1,0,8,1,0,0,0,48,12,2,0,5,17,0.207,1.13,0,0,1,0,66,1,3,0,2,1
leblawa01,2016,2,PIT,NL,1,0,8,0,0,0,1,36,7,1,0,2,10,0.175,0.75,0,0,0,0,44,4,3,0,2,1
loewead01,2016,1,ARI,NL,1,0,8,0,0,0,0,18,7,10,1,6,3,0.318,15,0,1,1,0,31,3,10,0,2,0
overtdi01,2016,1,OAK,AL,1,3,7,5,0,0,0,73,48,31,12,7,17,0.407,11.47,0,1,1,0,128,2,31,0,2,1
kochma01,2016,1,ARI,NL,1,1,7,2,0,0,1,54,9,4,1,4,10,0.145,2,0,0,2,0,69,4,4,1,0,0
willitr01,2016,1,PIT,NL,1,1,7,1,0,0,0,38,19,11,4,5,11,0.339,7.82,0,0,0,0,61,1,13,0,0,2
stratch01,2016,1,SFN,NL,1,0,7,0,0,0,0,30,11,4,1,5,6,0.289,3.6,0,0,0,0,43,7,4,0,0,2
scottro02,2016,1,BOS,AL,1,0,7,0,0,0,0,18,6,0,0,2,5,0.273,0,0,1,0,0,25,1,0,1,0,0
nathajo01,2016,2,SFN,NL,1,0,7,0,0,0,0,13,3,0,0,2,5,0.188,0,0,1,0,0,18,1,0,0,0,0
pazosja01,2016,1,NYA,AL,1,0,7,0,0,0,0,10,7,5,2,1,3,0.438,13.5,0,0,0,0,17,1,5,0,0,1
gorzeto01,2016,1,CLE,AL,1,0,7,0,0,0,0,9,4,7,1,5,4,0.308,21,1,0,0,0,18,1,7,0,0,0
richaga01,2016,1,LAA,AL,1,3,6,6,0,0,0,104,31,9,2,15,34,0.238,2.34,1,3,1,0,148,0,16,2,0,4
bolsimi01,2016,1,LAN,NL,1,4,6,6,0,0,0,83,33,21,7,9,25,0.303,6.83,1,0,2,0,122,0,21,2,0,2
medlekr01,2016,1,KCA,AL,1,3,6,6,0,0,0,73,30,21,2,20,18,0.309,7.77,0,1,0,0,119,0,25,0,2,5
marquge01,2016,1,COL,NL,1,1,6,3,0,0,0,62,28,12,2,6,15,0.326,5.23,0,0,3,0,98,0,12,2,1,0
boscawi01,2016,1,PIT,NL,1,1,6,1,0,0,0,46,15,11,2,7,8,0.254,6.46,0,1,0,1,67,2,11,1,0,1
latosma01,2016,2,WAS,NL,1,1,6,1,0,0,0,29,11,7,1,5,10,0.289,6.52,0,0,0,0,44,1,7,0,1,0
saupowa01,2016,1,DET,AL,1,1,6,0,0,0,0,29,17,8,0,3,10,0.395,7.45,0,0,1,0,49,2,8,0,2,1
narvech01,2016,1,MIA,NL,1,0,6,0,0,0,0,25,10,8,3,2,6,0.286,8.64,1,1,1,0,38,2,8,0,0,0
bradlje01,2016,1,ATL,NL,1,1,6,0,0,0,0,21,7,4,0,6,4,0.269,5.14,2,1,0,0,33,1,4,0,1,1
chacijh01,2016,1,ATL,NL,1,2,5,5,0,0,0,80,29,16,4,8,27,0.274,5.4,0,0,0,0,117,0,17,2,1,0
wrighda04,2016,2,LAA,AL,1,3,5,5,0,0,0,80,32,16,5,6,15,0.314,5.4,0,1,5,0,115,0,16,1,1,4
mitchbr01,2016,1,NYA,AL,1,2,5,5,0,0,0,75,26,9,1,12,11,0.277,3.24,0,0,0,0,107,0,13,1,0,5
whalero01,2016,1,ATL,NL,1,2,5,5,0,0,0,74,20,18,4,12,25,0.217,6.57,0,1,3,0,110,0,20,2,1,1
alcanra01,2016,1,OAK,AL,1,3,5,5,0,0,0,67,31,18,9,4,14,0.333,7.25,0,1,4,1,103,0,18,0,2,2
cobbal01,2016,1,TBA,AL,1,2,5,5,0,0,0,66,32,21,5,7,16,0.337,8.59,0,0,0,0,104,0,22,1,1,1
meyeral01,2016,2,LAA,AL,1,2,5,5,0,0,0,65,17,11,2,13,24,0.215,4.57,0,1,0,0,94,0,11,0,2,1
tollias01,2016,1,BAL,AL,1,0,5,0,0,0,0,14,5,3,1,3,5,0.263,5.79,0,0,0,0,22,2,4,0,0,0
harrelu01,2016,2,TEX,AL,1,0,4,4,0,0,0,53,21,11,3,13,15,0.309,5.6,0,2,1,0,84,0,11,1,1,3
mortoch02,2016,1,PHI,NL,1,1,4,4,0,0,0,52,15,8,1,8,19,0.242,4.15,0,1,0,1,71,0,8,1,0,2
blachty01,2016,1,SFN,NL,1,0,4,2,0,0,0,51,8,2,1,5,10,0.143,1.06,0,0,0,1,62,2,2,1,0,2
anderbr04,2016,1,LAN,NL,1,2,4,3,0,0,0,34,25,15,4,4,5,0.446,11.91,0,2,0,0,62,0,15,1,1,0
merriry01,2016,1,CLE,AL,1,0,4,1,0,0,0,33,6,2,0,0,6,0.167,1.64,0,0,0,0,37,1,2,1,0,3
mayermi01,2016,1,SLN,NL,1,1,4,1,0,0,0,16,16,16,3,3,2,0.533,27,0,0,1,0,35,0,16,0,1,1
hestoch01,2016,1,SFN,NL,1,1,4,0,0,0,0,15,9,6,0,6,3,0.409,10.8,2,3,0,0,29,0,6,1,0,0
smithja06,2016,1,SDN,NL,1,0,4,0,0,0,0,12,5,2,1,1,3,0.333,4.5,0,0,1,0,17,1,2,0,0,1
erlinro01,2016,1,SDN,NL,1,2,3,2,0,0,0,47,12,7,3,3,13,0.218,4.02,0,2,0,0,58,0,7,0,0,5
hutchdr01,2016,1,TOR,AL,1,0,3,2,0,0,0,38,13,7,4,4,12,0.271,4.97,0,0,1,0,53,0,7,0,0,1
wagnety01,2016,1,ARI,NL,1,0,3,0,0,0,0,30,9,2,0,2,7,0.237,1.8,0,0,0,0,40,0,3,0,0,1
nathajo01,2016,1,CHN,NL,1,0,3,0,0,0,0,6,2,0,0,2,4,0.25,0,0,0,0,0,10,0,0,0,0,0
clemepa02,2016,1,MIA,NL,1,0,2,2,0,0,0,30,11,7,5,8,6,0.289,6.3,0,0,1,0,47,0,7,0,0,2
carmofa01,2016,1,ATL,NL,1,1,2,2,0,0,0,27,13,8,4,1,6,0.351,8,0,0,0,0,39,0,8,0,1,0
buchaja01,2016,1,CHN,NL,1,0,2,1,0,0,0,18,3,1,1,1,4,0.15,1.5,0,0,0,0,21,1,1,0,0,1
ranauan01,2016,1,TEX,AL,1,0,2,0,0,0,0,11,2,7,1,8,2,0.167,17.18,0,0,0,0,21,0,7,1,0,0
mazzavi01,2016,1,SFN,NL,1,0,2,0,0,0,0,3,7,6,0,1,0,0.636,54,0,0,1,0,13,0,9,0,0,0
maurebr01,2016,1,SDN,NL,0,5,71,0,0,0,13,209,65,35,7,23,72,0.238,4.52,5,3,2,0,300,36,37,0,1,2
kintzbr01,2016,1,MIN,AL,0,2,54,0,0,0,17,163,59,19,5,8,35,0.276,3.15,1,0,2,0,224,36,22,0,0,8
hendrli01,2016,1,OAK,AL,0,4,53,0,0,0,0,194,69,27,6,14,71,0.27,3.76,3,3,1,0,275,10,31,0,4,6
diazed04,2016,1,SEA,AL,0,4,49,0,0,0,18,155,45,16,5,15,88,0.226,2.79,2,6,3,1,217,23,16,0,0,1
riverfe01,2016,1,WAS,NL,0,3,47,0,0,0,1,149,43,25,4,15,53,0.236,4.53,2,1,5,0,203,8,26,0,1,8
marinjh01,2016,2,MIL,NL,0,1,43,0,0,0,0,176,60,21,3,21,47,0.265,3.22,3,4,6,0,256,10,24,2,1,7
bastaan01,2016,1,NYN,NL,0,0,41,0,0,0,0,131,41,23,8,21,46,0.244,4.74,2,1,3,2,195,11,24,2,1,2
belisma01,2016,1,WAS,NL,0,0,40,0,0,0,0,138,43,9,2,7,32,0.244,1.76,3,2,1,0,186,6,13,1,1,4
edwarca01,2016,1,CHN,NL,0,1,36,0,0,0,2,108,15,15,4,14,52,0.123,3.75,1,5,0,0,138,10,15,0,2,2
layneto01,2016,1,BOS,AL,0,1,34,0,0,0,0,86,27,12,1,14,25,0.26,3.77,2,1,1,0,120,12,12,1,0,3
evelada01,2016,1,TBA,AL,0,1,33,0,0,0,0,69,32,23,3,19,21,0.333,9,3,0,3,0,119,8,23,0,1,3
chafian01,2016,1,ARI,NL,0,1,32,0,0,0,0,68,22,17,1,11,28,0.259,6.75,1,2,1,0,98,1,18,1,0,5
motteja01,2016,1,COL,NL,0,1,30,0,0,0,0,71,28,13,6,8,24,0.286,4.94,1,0,2,0,109,8,15,0,1,1
kahnlto01,2016,1,CHA,AL,0,1,29,0,0,0,1,82,21,8,2,20,25,0.212,2.63,3,3,0,0,119,12,8,0,0,4
wilheto01,2016,2,SEA,AL,0,1,29,0,0,0,1,75,22,10,4,10,17,0.244,3.6,0,0,0,0,100,2,10,0,0,4
crockky01,2016,1,CLE,AL,0,0,29,0,0,0,0,48,16,9,0,7,17,0.258,5.06,2,1,0,1,70,4,9,0,1,1
rodnefe01,2016,1,SDN,NL,0,1,28,0,0,0,17,86,13,1,0,12,33,0.137,0.31,0,1,2,1,109,24,2,0,0,3
dukeza01,2016,2,SLN,NL,0,1,28,0,0,0,1,70,17,5,0,13,26,0.205,1.93,0,2,2,0,99,4,5,1,0,3
goodyni01,2016,1,NYA,AL,0,0,27,0,0,0,0,87,30,15,7,12,34,0.265,4.66,1,0,1,0,128,10,15,1,1,1
barneja01,2016,1,MIL,NL,0,1,27,0,0,0,1,80,24,8,1,6,26,0.245,2.7,1,2,0,0,106,7,9,1,1,3
geltzst01,2016,1,TBA,AL,0,2,27,0,0,0,0,80,24,17,11,9,23,0.238,5.74,0,3,1,0,112,11,17,0,1,1
orourry01,2016,1,MIN,AL,0,1,26,0,0,0,0,75,18,11,3,10,24,0.207,3.96,0,2,1,1,101,6,13,2,1,4
brachsi01,2016,1,ARI,NL,0,2,26,0,0,0,0,74,31,20,7,10,17,0.295,7.3,1,3,3,0,119,11,22,0,1,2
kiekhde01,2016,1,SLN,NL,0,0,26,0,0,0,0,66,24,13,2,7,14,0.273,5.32,4,0,2,0,98,10,13,0,1,1
leonedo01,2016,1,ARI,NL,0,1,25,0,0,0,0,81,45,19,7,12,23,0.391,6.33,1,4,1,0,131,8,21,0,3,5
daytogr01,2016,1,LAN,NL,0,1,25,0,0,0,0,79,14,6,4,6,39,0.149,2.05,0,0,1,0,101,0,7,0,0,0
fienca01,2016,2,LAN,NL,0,1,25,0,0,0,0,77,24,12,8,7,23,0.245,4.21,3,0,0,0,106,5,12,1,0,0
jepseke01,2016,2,TBA,AL,0,1,25,0,0,0,0,57,20,12,5,9,13,0.282,5.68,1,2,0,0,83,5,13,0,3,3
richacl01,2016,1,CHN,NL,0,1,25,0,0,0,1,42,23,10,0,7,7,0.377,6.43,3,1,2,0,72,9,14,0,2,1
morribr01,2016,1,MIA,NL,0,0,24,0,0,0,1,53,15,6,4,10,13,0.238,3.06,1,0,1,0,74,4,7,0,0,2
hathast01,2016,1,ARI,NL,0,0,24,0,0,0,0,44,18,8,1,6,15,0.305,4.91,0,0,0,0,65,0,8,0,0,2
cothaca01,2016,1,CIN,NL,0,3,23,0,0,0,0,73,32,20,3,12,21,0.323,7.4,2,1,3,0,117,3,21,1,2,2
bleieri01,2016,1,NYA,AL,0,0,23,0,0,0,0,69,20,5,0,4,13,0.233,1.96,0,0,1,0,92,8,6,0,1,3
delacjo01,2016,1,ATL,NL,0,7,22,9,0,0,0,188,65,34,10,22,37,0.263,4.88,0,0,2,0,276,2,40,3,2,3
hartdo01,2016,1,BAL,AL,0,0,22,0,0,0,0,55,12,1,1,6,12,0.194,0.49,1,0,0,0,71,3,1,2,1,2
loupaa01,2016,1,TOR,AL,0,0,21,0,0,0,0,43,15,8,2,4,15,0.288,5.02,0,3,3,0,62,2,8,0,3,2
curtiza01,2016,1,ARI,NL,0,1,21,0,0,0,0,40,13,10,2,13,10,0.255,6.75,1,0,3,0,67,2,10,0,0,1
cravyty01,2016,1,MIL,NL,0,1,20,2,0,0,0,85,21,9,3,12,22,0.208,2.86,1,0,1,0,116,4,9,1,1,0
chambjo03,2016,1,CLE,AL,0,0,20,0,0,0,0,60,12,5,1,11,18,0.176,2.25,3,1,1,0,82,5,6,0,2,0
teperry01,2016,1,TOR,AL,0,1,20,0,0,0,0,55,17,6,1,8,18,0.233,2.95,1,3,3,0,85,13,8,1,0,0
rasmuco02,2016,1,LAA,AL,0,2,19,1,0,0,0,74,25,16,4,16,17,0.26,5.84,1,2,1,2,114,4,16,0,1,0
adamsau01,2016,1,CLE,AL,0,0,19,0,0,0,0,55,27,20,5,7,17,0.333,9.82,1,0,0,0,88,11,22,0,0,2
castrmi01,2016,1,COL,NL,0,0,19,0,0,0,0,44,18,10,3,5,12,0.3,6.14,0,0,1,0,67,4,10,1,0,1
sampske01,2016,1,CIN,NL,0,1,18,2,0,0,0,118,40,19,9,27,42,0.255,4.35,2,3,2,0,188,2,24,2,0,1
webbry01,2016,1,TBA,AL,0,0,18,0,0,0,0,52,27,10,2,3,11,0.37,5.19,1,3,0,0,76,7,11,0,0,4
abadfe01,2016,2,BOS,AL,0,2,18,0,0,0,0,38,13,9,2,8,12,0.255,6.39,0,1,1,0,60,7,9,0,0,1
cervehu01,2016,2,MIA,NL,0,0,18,0,0,0,0,28,11,5,1,5,7,0.289,4.82,0,0,0,0,43,3,5,0,0,0
alexasc01,2016,1,KCA,AL,0,0,17,0,0,0,0,57,24,7,1,7,16,0.316,3.32,0,0,0,0,84,4,7,0,1,4
salasfe01,2016,2,NYN,NL,0,1,17,0,0,0,0,52,11,4,3,0,19,0.177,2.08,0,1,0,0,62,2,4,0,0,1
despaod01,2016,1,BAL,AL,0,2,16,0,0,0,0,82,32,17,3,15,17,0.305,5.6,1,0,1,1,122,5,18,0,1,7
scahiro01,2016,2,MIL,NL,0,0,16,0,0,0,0,55,16,5,1,3,14,0.225,2.45,0,0,2,0,76,7,5,0,0,1
sturdty01,2016,1,TBA,AL,0,1,16,0,0,0,0,55,18,8,1,6,14,0.273,3.93,1,0,1,0,75,6,8,2,0,2
schulbo02,2016,1,TOR,AL,0,1,16,0,0,0,0,49,17,10,3,3,10,0.266,5.51,0,0,0,0,68,8,10,0,1,1
okertst01,2016,1,SFN,NL,0,0,16,0,0,0,0,42,14,5,2,4,14,0.259,3.21,1,0,0,0,58,3,5,0,0,2
scahiro01,2016,1,PIT,NL,0,0,15,0,0,0,0,49,18,8,1,6,13,0.29,4.41,0,1,2,0,71,5,9,0,1,2
fieldjo03,2016,1,HOU,AL,0,0,15,0,0,0,0,47,23,12,2,3,20,0.343,6.89,0,0,0,0,71,7,14,0,1,2
marshev01,2016,1,ARI,NL,0,1,15,0,0,0,0,46,28,15,2,8,9,0.4,8.8,2,1,1,0,79,8,18,0,0,5
breslcr01,2016,1,MIA,NL,0,2,15,0,0,0,0,42,21,7,1,4,7,0.362,4.5,0,2,0,0,63,4,9,1,0,2
briceau01,2016,1,MIA,NL,0,1,15,0,0,0,0,42,9,11,2,5,14,0.173,7.07,1,0,2,0,59,2,12,0,0,0
lightpa01,2016,2,MIN,AL,0,1,15,0,0,0,0,42,15,14,2,15,14,0.259,9,2,5,0,0,73,0,14,0,0,1
altavda01,2016,1,SEA,AL,0,0,15,0,0,0,0,37,11,1,0,1,10,0.244,0.73,0,1,1,0,48,7,1,0,1,1
farmebu01,2016,1,DET,AL,0,1,14,1,0,0,0,88,25,15,4,20,27,0.231,4.6,1,2,1,0,131,7,15,1,1,3
gilmase01,2016,1,NYN,NL,0,1,14,1,0,0,0,53,21,14,4,7,11,0.3,7.13,1,0,1,0,79,3,14,1,0,2
ogandne01,2016,1,MIA,NL,0,0,14,0,0,0,0,47,10,4,0,8,8,0.179,2.3,0,1,0,0,65,5,5,0,1,1
ramirno01,2016,1,BOS,AL,0,0,14,0,0,0,0,39,16,9,4,8,15,0.327,6.23,1,0,2,0,61,7,9,0,2,3
rzepcma01,2016,2,WAS,NL,0,0,14,0,0,0,0,35,8,2,0,5,9,0.216,1.54,2,0,2,0,46,0,3,1,1,2
girodch01,2016,1,TOR,AL,0,0,14,0,0,0,0,31,11,5,3,2,5,0.268,4.35,0,1,1,0,44,2,5,0,0,1
smithch07,2016,1,OAK,AL,0,0,13,0,0,0,0,74,14,8,2,13,29,0.165,2.92,0,0,0,0,100,8,9,0,2,1
purkema01,2016,1,CHA,AL,0,1,12,0,0,0,0,54,20,11,0,12,15,0.278,5.5,1,2,0,0,84,7,12,0,0,3
florody01,2016,1,TBA,AL,0,1,12,0,0,0,0,45,23,7,0,5,14,0.348,4.2,1,2,0,0,72,4,8,0,1,3
leclejo01,2016,1,TEX,AL,0,0,12,0,0,0,0,45,11,3,0,13,15,0.212,1.8,2,1,0,0,66,5,4,0,1,3
scribev01,2016,1,SEA,AL,0,0,12,0,0,0,0,42,5,0,0,2,15,0.111,0,1,0,1,0,49,0,0,1,0,1
barneda02,2016,1,TOR,AL,0,0,12,0,0,0,0,41,14,6,0,5,14,0.275,3.95,0,1,0,0,58,4,6,0,2,1
hunteto02,2016,2,BAL,AL,0,0,12,0,0,0,0,37,14,3,0,3,6,0.304,2.19,0,0,0,0,49,3,3,0,0,5
bailean01,2016,2,LAA,AL,0,0,12,0,0,0,6,34,9,3,1,2,8,0.214,2.38,0,1,1,0,46,10,3,0,1,1
rodrijo04,2016,1,PHI,NL,0,0,12,0,0,0,0,29,8,3,0,4,7,0.235,2.79,1,0,1,0,39,1,3,0,0,3
tuivasa01,2016,1,SLN,NL,0,0,12,0,0,0,0,27,12,6,0,6,7,0.308,6,0,1,2,0,47,4,6,0,0,0
willije02,2016,1,SLN,NL,0,0,11,0,0,0,0,52,22,11,4,6,8,0.306,5.71,1,0,2,0,81,9,15,0,1,3
penafe01,2016,1,CHN,NL,0,0,11,0,0,0,1,27,5,4,1,3,13,0.156,4,1,1,0,0,35,2,4,0,0,0
reedco01,2016,1,CIN,NL,0,7,10,10,0,0,0,143,67,39,12,19,43,0.328,7.36,2,2,4,2,230,0,47,1,1,5
peacobr01,2016,1,HOU,AL,0,1,10,5,0,0,0,95,21,13,6,14,28,0.186,3.69,0,2,0,0,127,3,15,0,0,3
kellyca01,2016,1,ATL,NL,0,3,10,1,0,0,0,65,30,14,1,7,7,0.326,5.82,3,1,2,0,102,3,14,0,1,0
alvarda01,2016,2,TEX,AL,0,0,10,0,0,0,0,35,17,10,3,2,13,0.362,7.71,0,1,2,0,52,5,11,0,1,3
hinojda01,2016,1,PHI,NL,0,1,10,0,0,0,0,33,10,4,1,3,8,0.25,3.27,0,0,0,0,44,4,4,0,1,1
armstsh01,2016,1,CLE,AL,0,0,10,0,0,0,0,32,9,3,1,5,7,0.237,2.53,2,1,0,0,44,2,3,1,0,1
goforda01,2016,1,MIL,NL,0,0,10,0,0,0,0,32,18,13,3,4,9,0.353,10.97,1,1,0,0,55,7,14,0,0,0
ravinjo01,2016,1,LAN,NL,0,0,10,0,0,0,0,29,2,1,1,4,13,0.065,0.93,0,2,0,0,35,4,1,0,0,0
peralwa01,2016,1,CIN,NL,0,0,10,0,0,0,0,22,11,7,1,7,5,0.355,8.59,0,0,1,0,39,3,7,0,0,0
burnese01,2016,1,WAS,NL,0,0,10,0,0,0,0,17,5,2,1,1,3,0.238,3.18,0,0,0,0,22,2,2,0,0,0
surkaer01,2016,1,OAK,AL,0,5,9,9,0,0,0,116,55,30,8,21,22,0.327,6.98,2,1,5,0,197,0,32,0,3,3
cosarja01,2016,2,SDN,NL,0,3,9,9,0,0,0,112,42,25,4,23,27,0.278,6.03,0,1,2,0,176,0,27,0,0,8
montera01,2016,1,NYN,NL,0,1,9,3,0,0,0,57,23,17,4,16,20,0.299,8.05,1,2,0,0,93,1,17,0,0,2
luebkco01,2016,1,PIT,NL,0,1,9,0,0,0,0,26,15,9,2,11,9,0.385,9.35,2,0,1,0,53,5,9,1,1,0
garciyi01,2016,1,LAN,NL,0,0,9,0,0,0,0,25,9,3,0,1,4,0.31,3.24,0,0,1,0,35,1,3,2,2,1
chapmke02,2016,1,HOU,AL,0,0,9,0,0,0,0,24,15,8,0,4,6,0.395,9,0,0,0,0,42,1,8,0,0,1
petrija01,2016,1,CHA,AL,0,0,9,0,0,0,0,24,8,4,1,8,7,0.267,4.5,0,3,0,0,39,1,5,1,0,2
faulkan01,2016,1,TEX,AL,0,0,9,0,0,0,0,20,8,5,3,4,1,0.286,6.75,1,2,0,0,32,1,7,0,0,1
gotttr01,2016,1,WAS,NL,0,0,9,0,0,0,0,18,6,1,0,3,6,0.25,1.5,1,0,1,0,28,1,1,0,0,0
braulst01,2016,1,PIT,NL,0,3,8,7,0,0,0,100,45,18,5,17,29,0.313,4.86,1,1,2,0,166,0,26,3,0,2
hoffmje02,2016,1,COL,NL,0,4,8,6,0,0,0,94,37,17,7,17,22,0.287,4.88,1,4,0,0,147,0,29,1,0,4
jungmta01,2016,1,MIL,NL,0,5,8,6,0,0,0,80,30,23,4,17,18,0.291,7.76,1,0,3,0,126,2,24,1,2,1
ramirne01,2016,3,MIN,AL,0,0,8,0,0,0,0,44,15,10,5,10,11,0.278,6.14,0,2,0,0,65,3,10,0,1,1
wendejb01,2016,1,OAK,AL,0,0,8,0,0,0,0,38,18,14,3,9,12,0.327,9.95,0,2,0,0,64,3,15,0,0,0
fulmeca01,2016,1,CHA,AL,0,2,8,0,0,0,0,35,12,11,2,7,10,0.273,8.49,0,2,2,0,53,4,11,0,0,2
jackslu01,2016,1,TEX,AL,0,0,8,0,0,0,0,35,22,14,4,8,3,0.415,10.8,0,0,0,0,62,2,14,0,1,2
jacksed01,2016,1,MIA,NL,0,1,8,0,0,0,0,32,13,7,2,6,7,0.317,5.91,1,1,0,0,47,3,7,0,0,1
garnepe01,2016,1,CLE,AL,0,0,8,0,0,0,0,28,12,5,0,5,12,0.308,4.82,1,1,2,0,46,0,6,0,0,1
kleinph01,2016,1,TEX,AL,0,1,8,0,0,0,0,26,8,5,2,2,12,0.242,5.19,0,1,0,0,35,5,5,0,0,1
vendipa01,2016,1,TOR,AL,0,0,8,0,0,0,0,26,11,5,1,4,7,0.297,5.19,0,0,1,0,44,3,8,0,2,0
holdejo02,2016,1,NYA,AL,0,0,8,0,0,0,0,25,8,5,1,4,5,0.258,5.4,0,0,0,0,36,1,5,0,1,1
ramirne01,2016,1,CHN,NL,0,0,8,0,0,0,0,23,5,4,1,8,10,0.2,4.7,2,3,0,0,35,4,4,0,2,1
youngma03,2016,1,ATL,NL,0,0,8,0,0,0,0,21,12,5,0,4,4,0.4,6.43,0,0,1,0,37,1,5,1,1,0
phillza01,2016,1,PIT,NL,0,0,8,0,0,0,0,20,8,2,1,1,6,0.296,2.7,0,1,0,0,28,0,2,0,0,2
reynoma02,2016,1,SFN,NL,0,1,8,0,0,0,0,18,7,5,0,5,3,0.292,7.5,2,1,0,0,30,4,5,0,1,0
martira04,2016,1,WAS,NL,0,0,8,0,0,0,0,11,0,1,0,1,5,0,2.45,0,0,0,0,12,2,1,0,0,0
vargace01,2016,1,SDN,NL,0,3,7,7,0,0,0,102,41,19,5,15,28,0.301,5.03,1,0,1,0,154,0,19,0,2,3
ranauan01,2016,2,CHA,AL,0,1,7,5,0,0,0,83,34,26,9,12,16,0.293,8.46,0,1,0,0,130,2,26,0,2,0
glasnty01,2016,1,PIT,NL,0,2,7,4,0,0,0,70,22,11,2,13,24,0.25,4.24,0,2,3,1,105,0,13,1,0,5
gamboed01,2016,1,TBA,AL,0,2,7,0,0,0,0,40,9,2,1,8,11,0.196,1.35,0,0,0,0,54,3,3,0,0,1
vendipa01,2016,2,SEA,AL,0,0,7,0,0,0,0,40,13,9,4,7,12,0.265,6.08,1,0,1,0,58,4,10,0,1,3
morriaj01,2016,1,CIN,NL,0,0,7,0,0,0,0,30,9,7,2,8,9,0.237,6.3,0,0,0,0,47,3,7,0,1,0
delabst01,2016,1,CIN,NL,0,0,7,0,0,0,0,24,5,6,1,10,10,0.172,6.75,0,1,1,0,40,0,6,0,0,0
freemsa01,2016,1,MIL,NL,0,0,7,0,0,0,0,23,13,11,2,9,8,0.394,12.91,0,1,0,0,44,4,11,0,2,1
simmosh01,2016,1,ATL,NL,0,0,7,0,0,0,0,20,6,1,0,0,3,0.24,1.35,0,0,0,0,25,2,1,0,0,1
guerrja01,2016,1,LAA,AL,0,0,7,0,0,0,0,19,5,4,1,7,4,0.227,5.68,1,1,1,0,30,1,4,0,0,2
ondrulo01,2016,1,BAL,AL,0,0,7,0,0,0,0,19,9,7,1,3,4,0.346,9.95,0,0,0,0,29,1,7,0,0,1
matusbr01,2016,1,BAL,AL,0,0,7,0,0,0,0,18,11,8,3,7,1,0.407,12,0,0,0,0,35,2,8,0,1,1
stumpda01,2016,1,PHI,NL,0,0,7,0,0,0,0,15,9,6,1,2,2,0.409,10.8,0,1,0,0,25,3,6,1,0,0
detwiro01,2016,1,CLE,AL,0,0,7,0,0,0,0,14,3,3,1,4,3,0.188,5.79,0,0,0,0,21,0,3,0,1,1
russeja02,2016,1,PHI,NL,0,0,7,0,0,0,0,13,9,9,2,5,4,0.429,18.69,0,0,0,0,27,1,9,0,1,0
giolilu01,2016,1,WAS,NL,0,1,6,4,0,0,0,64,26,16,7,12,11,0.295,6.75,0,1,1,1,101,1,18,0,0,2
alberan01,2016,1,MIN,AL,0,0,6,2,0,0,0,51,27,11,5,6,16,0.342,5.82,0,1,0,0,85,3,16,0,0,3
hutchdr01,2016,2,PIT,NL,0,0,6,1,0,0,0,34,15,7,2,3,10,0.341,5.56,0,0,1,0,51,3,7,1,2,0
niesejo01,2016,2,NYN,NL,0,1,6,2,0,0,0,33,13,14,4,9,12,0.289,11.45,1,2,0,0,55,1,14,0,1,0
gurkaja01,2016,1,COL,NL,0,0,6,0,0,0,0,29,16,10,1,2,7,0.381,9.31,0,0,0,0,45,5,10,0,1,1
hayesdr01,2016,1,CIN,NL,0,0,6,0,0,0,0,29,15,9,3,6,8,0.357,8.38,1,0,0,0,48,1,10,0,0,2
diazda01,2016,1,CIN,NL,0,0,6,0,0,0,0,20,10,7,2,7,3,0.37,9.45,0,0,0,0,36,0,9,1,1,3
parnebo01,2016,1,DET,AL,0,0,6,0,0,0,0,16,7,4,1,5,4,0.318,6.75,1,2,0,0,27,2,4,0,0,2
schuspa01,2016,2,PHI,NL,0,1,6,0,0,0,0,6,6,10,1,4,2,0.5,45,0,2,2,0,19,0,11,1,0,0
bassich01,2016,1,OAK,AL,0,2,5,5,0,0,0,84,35,19,5,14,23,0.294,6.11,0,2,0,0,133,0,20,0,0,3
owenshe02,2016,1,BOS,AL,0,2,5,5,0,0,0,66,23,17,5,20,21,0.284,6.95,1,3,1,0,103,0,17,0,1,4
moscojo01,2016,1,CIN,NL,0,3,5,5,0,0,0,64,26,19,10,10,10,0.292,8.02,1,0,1,0,105,0,22,3,1,1
whitlch01,2016,1,TBA,AL,0,0,5,1,0,0,0,43,13,4,2,3,15,0.224,2.51,0,0,0,0,61,0,7,0,0,0
rodgebr01,2016,1,HOU,AL,0,1,5,1,0,0,0,25,15,14,0,7,3,0.385,15.12,0,0,1,0,48,2,14,0,1,0
guaipma01,2016,1,SEA,AL,0,0,5,0,0,0,0,22,8,4,0,4,5,0.276,4.91,0,0,0,0,34,0,6,0,1,0
schuspa01,2016,1,OAK,AL,0,0,5,0,0,0,0,20,9,8,0,6,6,0.321,10.8,0,0,0,0,35,3,8,0,1,0
delosab01,2016,1,CIN,NL,0,0,5,0,0,0,0,17,7,7,1,4,2,0.318,11.12,0,1,1,0,28,1,7,0,1,0
magilma01,2016,1,CIN,NL,0,0,5,0,0,0,0,13,5,3,1,5,1,0.357,6.23,0,0,0,0,20,2,3,1,0,2
smithbl01,2016,1,CHA,AL,0,0,5,0,0,0,0,13,7,3,1,0,1,0.35,6.23,0,0,1,0,21,1,3,0,0,0
moralfr01,2016,1,TOR,AL,0,1,5,0,0,0,0,12,3,4,1,2,2,0.214,9,0,0,0,1,16,2,4,0,0,1
peraljo01,2016,2,CHN,NL,0,1,5,0,0,0,0,12,6,4,2,1,5,0.353,9,0,0,1,0,19,0,5,0,0,0
dermoma01,2016,1,TOR,AL,0,0,5,0,0,0,0,9,6,4,1,0,5,0.4,12,0,1,1,0,16,1,4,0,0,0
egeco01,2016,1,MIA,NL,0,0,5,0,0,0,0,9,8,4,1,2,2,0.571,12,0,0,1,0,19,1,4,0,2,0
gracema02,2016,1,WAS,NL,0,0,5,0,0,0,0,9,1,0,0,0,4,0.1,0,0,0,0,0,10,1,0,0,0,0
mantijo01,2016,1,DET,AL,0,0,5,0,0,0,0,8,7,5,1,2,2,0.538,16.88,1,0,0,0,16,3,5,1,0,1
danksjo01,2016,1,CHA,AL,0,4,4,4,0,0,0,67,28,18,5,11,16,0.322,7.25,0,1,0,0,100,0,20,0,2,4
cosarja01,2016,1,MIA,NL,0,1,4,4,0,0,0,59,19,13,0,16,11,0.257,5.95,2,2,0,0,92,0,14,1,1,3
johnser04,2016,2,SDN,NL,0,4,4,4,0,0,0,59,32,20,9,5,10,0.372,9.15,0,2,0,0,93,0,20,0,2,3
wrighda04,2016,1,CIN,NL,0,2,4,2,0,0,0,39,25,11,2,2,6,0.417,7.62,0,1,0,0,64,0,16,1,1,2
kleinph01,2016,2,PHI,NL,0,0,4,2,0,0,0,32,15,10,0,7,7,0.375,8.44,1,0,1,0,51,0,10,2,1,4
marksju01,2016,1,TBA,AL,0,0,4,0,0,0,0,27,7,1,1,9,6,0.212,1,0,0,0,0,42,0,1,0,0,0
molledu01,2016,1,DET,AL,0,0,4,0,0,0,0,25,12,4,0,5,8,0.333,4.32,0,2,0,0,42,1,4,0,1,0
broadmi01,2016,1,SFN,NL,0,0,4,0,0,0,0,16,9,7,2,1,4,0.375,11.81,0,0,0,0,25,2,7,0,0,1
marksma01,2016,1,ATL,NL,0,0,4,0,0,0,0,10,5,2,1,1,2,0.333,5.4,0,0,1,0,17,1,2,0,0,0
rowenbe01,2016,1,MIL,NL,0,0,4,0,0,0,0,9,10,5,0,0,2,0.526,15,0,0,0,0,19,1,6,0,0,1
torrejo02,2016,1,SDN,NL,0,0,4,0,0,0,0,9,3,0,0,2,3,0.25,0,0,1,0,0,14,1,0,0,0,0
housetj01,2016,1,CLE,AL,0,0,4,0,0,0,0,8,6,1,0,0,2,0.5,3.38,0,0,1,0,14,0,1,0,1,0
eschja01,2016,1,MIA,NL,0,1,3,3,0,0,0,39,17,8,4,6,10,0.327,5.54,1,0,1,0,59,0,8,0,0,4
vargaja01,2016,1,KCA,AL,0,0,3,3,0,0,0,36,8,3,1,3,11,0.182,2.25,0,0,0,0,47,0,3,0,0,0
gonzach01,2016,1,TEX,AL,0,2,3,3,0,0,0,31,21,10,1,9,7,0.404,8.71,0,0,0,0,62,0,13,0,1,1
melviti01,2016,1,CIN,NL,0,1,3,2,0,0,0,27,16,11,5,9,8,0.381,11,0,1,1,0,54,0,12,2,0,1
eliasro01,2016,1,BOS,AL,0,1,3,1,0,0,0,23,15,11,2,5,3,0.417,12.91,1,0,0,0,41,2,11,0,0,1
paulida01,2016,1,HOU,AL,0,1,3,1,0,0,0,21,6,4,0,3,2,0.24,5.14,0,2,1,0,29,1,4,0,0,2
cokeph01,2016,1,NYA,AL,0,0,3,0,0,0,0,18,7,4,1,4,1,0.292,6,0,0,1,0,29,2,5,0,0,1
cuevawi01,2016,1,BOS,AL,0,1,3,0,0,0,0,15,5,2,0,6,3,0.294,3.6,0,0,0,0,24,2,2,1,0,0
kensilo01,2016,1,DET,AL,0,0,3,0,0,0,0,14,8,1,0,2,1,0.421,1.93,0,0,0,0,21,0,1,0,0,3
buschma01,2016,1,ARI,NL,0,0,3,0,0,0,0,13,2,1,1,1,3,0.143,2.08,1,0,0,0,15,2,1,0,0,1
cokeph01,2016,2,PIT,NL,0,0,3,0,0,0,0,12,3,0,0,3,3,0.231,0,1,0,0,0,16,1,0,0,0,2
marinjh01,2016,1,TBA,AL,0,0,3,0,0,0,0,11,2,1,1,0,3,0.154,2.45,0,0,0,0,13,2,1,0,0,0
millsal02,2016,1,KCA,AL,0,0,3,0,0,0,0,10,3,5,0,5,4,0.231,13.5,0,0,1,0,19,2,5,0,0,0
despaod01,2016,2,MIA,NL,0,0,3,0,0,0,0,9,4,3,0,1,0,0.364,9,0,0,0,0,13,3,3,0,1,1
magnida01,2016,1,MIL,NL,0,0,3,0,0,0,0,9,2,2,0,3,0,0.2,6,0,2,1,0,15,3,2,0,1,0
mulleco01,2016,1,NYA,AL,0,0,3,0,0,0,0,9,0,1,0,4,4,0,3,0,0,1,0,14,1,1,0,0,0
smithca02,2016,1,BOS,AL,0,0,3,0,0,0,0,8,2,0,0,1,2,0.2,0,0,0,0,0,11,0,1,0,0,1
aquinja01,2016,1,BAL,AL,0,0,3,0,0,0,0,7,1,0,0,0,3,0.125,0,0,0,0,0,8,2,0,0,0,0
carrosc02,2016,1,CHA,AL,0,0,3,0,0,0,0,7,2,3,0,1,2,0.25,11.57,0,0,1,0,10,2,3,0,0,0
concege01,2016,1,CHN,NL,0,0,3,0,0,0,0,7,2,1,0,1,2,0.25,3.86,0,0,0,0,10,1,1,0,1,0
winklda01,2016,1,ATL,NL,0,0,3,0,0,0,0,7,0,0,0,1,4,0,0,0,0,0,0,8,0,0,0,0,0
danisty01,2016,1,CHA,AL,0,0,3,0,0,0,0,5,6,2,0,3,0,0.667,10.8,1,0,0,0,12,2,2,0,0,0
johnser04,2016,1,CHA,AL,0,2,2,2,0,0,0,35,14,9,5,6,11,0.304,6.94,0,0,0,0,53,0,9,0,1,2
lohseky01,2016,1,TEX,AL,0,2,2,2,0,0,0,28,15,13,4,5,3,0.357,12.54,1,0,0,0,48,0,13,0,1,0
huffda01,2016,1,LAA,AL,0,2,2,2,0,0,0,16,13,7,4,2,3,0.464,11.81,0,0,0,0,32,0,10,1,1,1
morimsh01,2016,1,CLE,AL,0,0,2,0,0,0,0,14,9,6,2,5,5,0.409,11.57,0,0,0,0,27,0,6,0,0,1
flandyo01,2016,1,COL,NL,0,0,2,0,0,0,0,11,8,5,0,3,0,0.5,12.27,1,0,0,0,20,0,6,1,0,2
meyeral01,2016,1,MIN,AL,0,1,2,1,0,0,0,11,8,5,1,4,5,0.421,12.27,0,2,0,0,23,0,5,0,0,0
plutkad01,2016,1,CLE,AL,0,0,2,0,0,0,0,11,5,3,1,2,3,0.313,7.36,0,1,0,0,18,1,3,0,0,0
rondojo01,2016,1,PIT,NL,0,0,2,0,0,0,0,11,9,7,1,1,4,0.474,17.18,0,1,0,0,20,1,7,0,0,2
bridwpa01,2016,1,BAL,AL,0,0,2,0,0,0,0,10,5,5,2,1,3,0.357,13.5,0,0,0,0,15,1,5,0,0,0
marteke02,2016,1,PIT,NL,0,0,2,0,0,0,0,10,5,0,2,2,1,0.333,0,0,0,0,0,17,1,5,0,0,1
gimench01,2016,1,CLE,AL,0,0,2,0,0,0,0,9,4,4,1,0,0,0.308,12,0,0,0,0,13,2,4,0,0,0
hallco01,2016,1,MIA,NL,0,0,2,0,0,0,0,9,4,4,1,3,3,0.308,12,1,0,0,0,16,2,4,0,0,0
hesslke01,2016,1,ARI,NL,0,0,2,0,0,0,0,9,5,3,0,2,2,0.357,9,0,0,1,0,17,1,3,0,0,0
mendeyo01,2016,1,TEX,AL,0,0,2,0,0,0,0,9,5,6,0,2,0,0.333,18,0,0,0,0,17,0,6,0,0,0
lightpa01,2016,1,BOS,AL,0,0,2,0,0,0,0,8,7,7,2,1,2,0.438,23.63,0,0,1,0,18,1,8,0,0,0
leonar01,2016,1,TOR,AL,0,0,2,0,0,0,0,7,3,2,1,1,2,0.3,7.71,0,0,0,0,11,0,2,0,0,0
somsela01,2016,1,CIN,NL,0,0,2,0,0,0,0,7,6,5,2,3,2,0.462,19.29,0,0,0,0,16,1,5,0,0,0
albural01,2016,1,LAA,AL,0,0,2,0,0,0,0,6,2,1,1,2,1,0.2,4.5,0,0,0,0,12,1,3,0,0,0
haleda02,2016,1,COL,NL,0,0,2,0,0,0,0,6,4,3,1,2,1,0.4,13.5,0,0,0,0,12,0,3,0,0,0
perkigl01,2016,1,MIN,AL,0,0,2,0,0,0,0,6,5,2,0,1,3,0.5,9,0,2,0,0,12,1,2,0,1,0
bethach01,2016,1,SDN,NL,0,0,2,0,0,0,0,5,1,0,0,3,1,0.167,0,0,0,1,0,10,1,0,0,0,0
ramirne01,2016,2,MIL,NL,0,0,2,0,0,0,0,5,2,2,2,0,3,0.286,10.8,0,0,0,0,7,0,2,0,0,0
tsaoch01,2016,1,LAN,NL,0,1,2,0,0,0,0,5,1,1,0,3,0,0.167,5.4,0,0,0,0,9,2,1,0,0,0
buterdr01,2016,1,KCA,AL,0,0,2,0,0,0,0,4,1,0,0,0,1,0.2,0,0,0,0,0,5,2,0,0,0,0
hurshja01,2016,1,ATL,NL,0,0,2,0,0,0,0,4,4,5,0,3,1,0.5,33.75,0,1,0,0,11,0,5,0,0,0
partccu01,2016,1,PIT,NL,0,0,2,0,0,0,0,2,2,3,0,2,0,0.5,40.5,0,1,0,0,6,0,3,0,0,1
heanean01,2016,1,LAA,AL,0,1,1,1,0,0,0,18,7,4,2,0,7,0.28,6,0,0,0,0,25,0,4,0,0,0
campojo01,2016,1,ARI,NL,0,0,1,0,0,0,0,17,4,2,2,2,4,0.182,3.18,0,0,0,0,24,0,3,0,0,0
rossty01,2016,1,SDN,NL,0,1,1,1,0,0,0,16,9,7,0,1,5,0.375,11.81,0,1,2,0,27,0,8,0,0,0
wielajo01,2016,1,SEA,AL,0,1,1,1,0,0,0,15,9,6,1,0,3,0.391,10.8,0,0,0,0,23,0,6,0,0,1
ryuhy01,2016,1,LAN,NL,0,1,1,1,0,0,0,14,8,6,1,2,4,0.364,11.57,1,0,0,0,24,0,6,0,0,0
sampsad01,2016,1,SEA,AL,0,1,1,1,0,0,0,14,8,4,2,1,2,0.4,7.71,0,0,0,0,21,0,4,0,0,2
friasca01,2016,1,LAN,NL,0,0,1,0,0,0,0,12,2,0,0,1,3,0.143,0,0,0,0,0,15,1,0,0,0,0
tepesni01,2016,1,LAN,NL,0,1,1,1,0,0,0,12,7,5,1,0,3,0.368,11.25,0,0,0,0,19,0,5,0,0,0
rothmi01,2016,1,TEX,AL,0,0,1,0,0,0,0,11,10,6,3,1,3,0.476,14.73,0,0,0,0,22,1,6,0,0,0
reaco01,2016,2,MIA,NL,0,0,1,1,0,0,0,10,1,0,0,0,4,0.1,0,0,0,0,0,11,0,0,1,0,0
floreke01,2016,1,MIA,NL,0,0,1,1,0,0,0,9,1,0,0,3,1,0.1,0,0,0,0,0,13,0,0,0,0,0
matusbr01,2016,2,CHN,NL,0,0,1,1,0,0,0,9,6,6,3,2,2,0.429,18,0,1,1,0,18,0,6,1,0,0
olsonty01,2016,1,NYA,AL,0,0,1,0,0,0,0,8,3,2,0,2,0,0.3,6.75,0,0,0,0,13,1,2,0,1,0
mejiaad01,2016,1,MIN,AL,0,0,1,0,0,0,0,7,5,2,0,1,0,0.455,7.71,0,0,0,0,13,0,2,0,1,0
antoldu01,2016,1,TOR,AL,0,0,1,0,0,0,0,6,4,3,1,1,1,0.4,13.5,0,0,0,0,11,0,3,0,0,0
drabeky01,2016,1,ARI,NL,0,0,1,0,0,0,0,6,1,1,0,4,2,0.143,4.5,0,0,0,0,11,0,1,0,0,0
guerrta01,2016,1,SDN,NL,0,0,1,0,0,0,0,6,3,1,0,1,0,0.375,4.5,0,0,0,0,9,1,1,0,0,0
miranar01,2016,1,BAL,AL,0,0,1,0,0,0,0,6,4,3,0,0,4,0.364,13.5,0,0,0,0,11,0,3,0,0,0
reyesjo03,2016,1,MIA,NL,0,0,1,0,0,0,0,6,3,2,0,1,0,0.333,9,0,0,0,0,10,1,2,0,0,0
grahajr01,2016,1,MIN,AL,0,0,1,0,0,0,0,5,3,2,0,1,2,0.375,10.8,0,0,0,0,9,0,2,0,0,0
penaar01,2016,1,MIL,NL,0,0,1,0,0,0,0,5,5,5,3,2,0,0.556,27,0,0,0,0,11,0,5,0,0,1
holadbr01,2016,1,TEX,AL,0,0,1,0,0,0,0,4,0,0,0,0,0,0,0,0,0,0,0,4,1,0,0,0,0
kirkmmi01,2016,1,SDN,NL,0,0,1,0,0,0,0,4,6,4,0,0,0,0.6,27,0,0,0,0,10,0,4,0,0,0
montemi01,2016,1,CHN,NL,0,0,1,0,0,0,0,4,4,1,0,0,0,0.5,6.75,0,0,1,0,9,1,1,0,0,0
barneda01,2016,1,TOR,AL,0,1,1,0,0,0,0,3,1,1,1,0,1,0.25,9,0,0,0,0,4,1,1,0,0,0
diamosc01,2016,1,TOR,AL,0,0,1,0,0,0,0,3,2,3,0,2,0,0.4,27,0,0,0,0,7,1,3,0,0,0
escobed01,2016,1,MIN,AL,0,0,1,0,0,0,0,3,1,0,0,0,0,0.25,0,0,0,0,0,4,1,0,0,0,0
flahery01,2016,1,BAL,AL,0,0,1,0,0,0,0,3,3,2,1,0,0,0.429,18,0,0,0,0,7,1,2,0,0,0
goinsry01,2016,1,TOR,AL,0,0,1,0,0,0,0,3,2,0,0,1,0,0.5,0,1,0,0,0,5,0,0,0,0,1
holtty01,2016,1,CIN,NL,0,0,1,0,0,0,0,3,0,0,0,0,0,0,0,0,0,0,0,3,1,0,0,0,0
hoyinja01,2016,1,TEX,AL,0,0,1,0,0,0,0,3,1,1,1,0,0,0.25,9,0,0,0,0,4,1,1,0,0,0
kirkmmi01,2016,2,MIL,NL,0,0,1,0,0,0,0,3,1,1,0,1,1,0.25,9,0,0,0,0,5,0,1,0,0,0
kratzer01,2016,1,HOU,AL,0,0,1,0,0,0,0,3,3,1,0,0,0,0.5,9,0,2,0,0,6,1,2,0,0,0
kratzer01,2016,2,PIT,NL,0,0,1,0,0,0,0,3,2,0,0,0,1,0.4,0,0,0,0,0,5,1,0,0,0,0
ladenty01,2016,1,OAK,AL,0,0,1,0,0,0,0,3,1,0,0,1,0,0.25,0,0,0,0,0,5,1,0,0,0,0
lamarry01,2016,1,BOS,AL,0,0,1,0,0,0,0,3,2,0,0,0,0,0.4,0,0,0,0,0,5,1,0,0,0,0
parkebl01,2016,1,SEA,AL,0,0,1,0,0,0,0,3,1,0,0,1,0,0.25,0,0,0,0,0,5,0,0,0,0,0
pindebr01,2016,1,NYA,AL,0,0,1,0,0,0,0,3,3,2,0,1,1,0.6,18,0,0,0,0,6,0,2,0,0,1
sardilu01,2016,1,SEA,AL,0,0,1,0,0,0,0,3,0,0,0,0,0,0,0,0,0,0,0,3,1,0,0,0,0
shuckja01,2016,1,CHA,AL,0,0,1,0,0,0,0,3,1,1,0,0,0,0.25,9,0,0,0,0,4,1,1,0,0,0
tejadru01,2016,1,SLN,NL,0,0,1,0,0,0,0,3,2,2,2,0,0,0.4,18,0,0,0,0,5,1,2,0,0,0
webbda01,2016,1,CHA,AL,0,0,1,0,0,0,0,3,2,0,0,1,3,0.4,0,0,0,0,0,6,1,0,0,0,0
whitety01,2016,1,HOU,AL,0,0,1,0,0,0,0,3,1,1,1,0,0,0.25,9,0,0,0,0,4,1,1,0,0,0
arojo01,2016,1,SEA,AL,0,0,1,0,0,0,0,2,1,0,0,1,0,0.333,0,0,0,0,0,4,0,0,0,0,0
phegljo01,2016,1,OAK,AL,0,0,1,0,0,0,0,2,0,0,0,0,1,0,0,0,0,0,0,2,1,0,0,0,0
rominan01,2016,1,DET,AL,0,0,1,0,0,0,0,2,0,0,0,2,0,0,0,0,0,0,0,4,1,0,0,0,0
amarial01,2016,1,SDN,NL,0,0,1,0,0,0,0,1,0,0,0,0,0,0,0,0,0,0,0,1,1,0,0,0,0
motteta01,2016,1,TBA,AL,0,0,1,0,0,0,0,1,1,0,0,0,0,0.5,0,0,0,0,0,2,1,0,0,0,0